<?xml version="1.0" encoding="UTF-8"?>
<Objects>
	<Object type="0x0dc3" id="Mixcoatl the Masked God">
		<Enemy />
		<Class>Character</Class>
		<Group>Jungle Men</Group>
		<AnimatedTexture>
			<File>chars16x16rEncounters</File>
			<Index>16</Index>
		</AnimatedTexture>
		<AltTexture id="1">
			<AnimatedTexture>
				<File>chars16x16dEncounters2</File>
				<Index>25</Index>
			</AnimatedTexture>
		</AltTexture>
		<AltTexture id="2">
			<AnimatedTexture>
				<File>chars16x16dEncounters2</File>
				<Index>26</Index>
			</AnimatedTexture>
		</AltTexture>
		<AltTexture id="3">
			<AnimatedTexture>
				<File>chars16x16dEncounters2</File>
				<Index>27</Index>
			</AnimatedTexture>
		</AltTexture>
		<AltTexture id="4">
			<AnimatedTexture>
				<File>chars16x16dEncounters2</File>
				<Index>28</Index>
			</AnimatedTexture>
		</AltTexture>
		<AltTexture id="5">
			<AnimatedTexture>
				<File>chars16x16dEncounters2</File>
				<Index>29</Index>
			</AnimatedTexture>
		</AltTexture>
		<AltTexture id="6">
			<AnimatedTexture>
				<File>chars16x16dEncounters2</File>
				<Index>30</Index>
			</AnimatedTexture>
		</AltTexture>
		<HitSound>monster/slimes_death</HitSound>
		<DeathSound>monster/flying_brain_death</DeathSound>
		<Size>140</Size>
		<ShadowSize>100</ShadowSize>
		<MaxHitPoints>4200</MaxHitPoints>
		<Defense>15</Defense>
		<XpMult>0.85</XpMult>
		<God />
		<StasisImmune />
		<Quest />
		<Level>1</Level>
		<NoArticle />
		<Projectile id="0">
			<ObjectId>Mask Powerwave</ObjectId>
			<Damage>60</Damage>
			<Speed>30</Speed>
			<Size>100</Size>
			<LifetimeMS>800</LifetimeMS>
		</Projectile>
		<Projectile id="1">
			<ObjectId>Mask Powershot</ObjectId>
			<Damage>60</Damage>
			<Speed>60</Speed>
			<Size>80</Size>
			<LifetimeMS>1200</LifetimeMS>
		</Projectile>
		<Projectile id="2">
			<ObjectId>Fireball 2</ObjectId>
			<MinDamage>45</MinDamage>
			<MaxDamage>65</MaxDamage>
			<Speed>60</Speed>
			<Size>80</Size>
			<LifetimeMS>1200</LifetimeMS>
		</Projectile>
	</Object>
	<Object type="0x0dc4" id="Boss Totem">
		<Enemy />
		<Class>GameObject</Class>
		<AnimatedTexture>
			<File>chars16x16dEncounters2</File>
			<Index>31</Index>
		</AnimatedTexture>
		<HitSound>monster/stone_walls_hit</HitSound>
		<DeathSound>monster/stone_walls_death</DeathSound>
		<Size>120</Size>
		<ShadowSize>80</ShadowSize>
		<OccupySquare />
		<Projectile id="0">
			<ObjectId>Totem Fire Wall</ObjectId>
			<Damage>50</Damage>
			<Speed>40</Speed>
			<Size>100</Size>
			<LifetimeMS>1600</LifetimeMS>
			<PassesCover />
		</Projectile>
	</Object>
	<Object type="0x0dc5" id="Jungle Spear">
		<Class>GameObject</Class>
		<RandomTexture>
			<Texture>
				<File>lofiObjBig</File>
				<Index>0x00</Index>
			</Texture>
			<Texture>
				<File>lofiObjBig</File>
				<Index>0x01</Index>
			</Texture>
			<Texture>
				<File>lofiObjBig</File>
				<Index>0x02</Index>
			</Texture>
			<Texture>
				<File>lofiObjBig</File>
				<Index>0x03</Index>
			</Texture>
			<Texture>
				<File>lofiObjBig</File>
				<Index>0x04</Index>
			</Texture>
			<Texture>
				<File>lofiObjBig</File>
				<Index>0x05</Index>
			</Texture>
			<Texture>
				<File>lofiObjBig</File>
				<Index>0x06</Index>
			</Texture>
		</RandomTexture>
		<Static />
		<Size>80</Size>
		<ShadowSize>60</ShadowSize>
	</Object>
	<Object type="0x0dc6" id="Jungle Brazier">
		<Class>GameObject</Class>
		<Texture>
			<File>lofiObjBig</File>
			<Index>0x07</Index>
		</Texture>
		<Animation prob="1.0" period="0.0">
			<Frame time="0.2">
				<Texture>
					<File>lofiObjBig</File>
					<Index>0x07</Index>
				</Texture>
			</Frame>
			<Frame time="0.2">
				<Texture>
					<File>lofiObjBig</File>
					<Index>0x08</Index>
				</Texture>
			</Frame>
			<Frame time="0.2">
				<Texture>
					<File>lofiObjBig</File>
					<Index>0x09</Index>
				</Texture>
			</Frame>
		</Animation>
		<Size>100</Size>
		<Static />
		<OccupySquare />
		<ShadowSize>80</ShadowSize>
	</Object>
	<Object type="0x0dc7" id="Jungle Summoner">
		<Class>Character</Class>
		<Texture>
			<File>invisible</File>
			<Index>0</Index>
		</Texture>
		<Size>0</Size>
		<ShadowSize>0</ShadowSize>
		<MaxHitPoints>10</MaxHitPoints>
		<Defense>0</Defense>
		<XpMult>0</XpMult>
		<NoMiniMap />
	</Object>
	<Object type="0x0dc8" id="Jungle Invisible Solid">
		<Class>GameObject</Class>
		<Texture>
			<File>lofiEnvironment3</File>
			<Index>0x38</Index>
		</Texture>
		<Static />
		<OccupySquare />
		<NoMiniMap />
		<Size>0</Size>
		<ShadowSize>0</ShadowSize>
	</Object>
	<Object type="0x0dc9" id="Jungle Grass Solid">
		<Class>GameObject</Class>
		<RandomTexture>
			<Texture>
				<File>lofiEnvironment3</File>
				<Index>0x63</Index>
			</Texture>
			<Texture>
				<File>lofiEnvironment3</File>
				<Index>0x64</Index>
			</Texture>
			<Texture>
				<File>lofiEnvironment3</File>
				<Index>0x65</Index>
			</Texture>
			<Texture>
				<File>lofiEnvironment3</File>
				<Index>0x66</Index>
			</Texture>
		</RandomTexture>
		<Static />
		<OccupySquare />
	</Object>
	<Object type="0x0dca" id="Jungle Flowers Solid">
		<Class>GameObject</Class>
		<RandomTexture>
			<Texture>
				<File>lofiEnvironment3</File>
				<Index>0x67</Index>
			</Texture>
			<Texture>
				<File>lofiEnvironment3</File>
				<Index>0x68</Index>
			</Texture>
			<Texture>
				<File>lofiEnvironment3</File>
				<Index>0x69</Index>
			</Texture>
			<Texture>
				<File>lofiEnvironment3</File>
				<Index>0x6a</Index>
			</Texture>
		</RandomTexture>
		<DrawOnGround />
		<OccupySquare />
		<NoMiniMap />
		<Static />
	</Object>
	<Object type="0x0dcb" id="Jungle Plant Unbreakable">
		<Class>GameObject</Class>
		<RandomTexture>
			<Texture>
				<File>lofiEnvironment3</File>
				<Index>0x6b</Index>
			</Texture>
			<Texture>
				<File>lofiEnvironment3</File>
				<Index>0x6c</Index>
			</Texture>
			<Texture>
				<File>lofiEnvironment3</File>
				<Index>0x6d</Index>
			</Texture>
		</RandomTexture>
		<Static />
		<OccupySquare />
		<HitSound>monster/trees_hit</HitSound>
		<DeathSound>monster/tress_death</DeathSound>
	</Object>
	<Object type="0x0dcc" id="Totem Spirit">
		<Enemy />
		<Class>Character</Class>
		<AnimatedTexture>
			<File>chars8x8rEncounters</File>
			<Index>22</Index>
		</AnimatedTexture>
		<Flying />
		<HitSound>monster/wooden_walls_hit</HitSound>
		<DeathSound>monster/stone_walls_death</DeathSound>
		<Size>80</Size>
		<ShadowSize>90</ShadowSize>
		<MaxHitPoints>125</MaxHitPoints>
		<Defense>25</Defense>
		<XpMult>0.2</XpMult>
		<Z>0.26</Z>
		<Projectile id="0">
			<ObjectId>Ghost Shot</ObjectId>
			<Damage>25</Damage>
			<Speed>45</Speed>
			<Size>90</Size>
			<LifetimeMS>1000</LifetimeMS>
		</Projectile>
	</Object>
	<Object type="0x0dcd" id="Jungle Totem">
		<Enemy />
		<Class>Character</Class>
		<AnimatedTexture>
			<File>chars16x16dEncounters2</File>
			<Index>32</Index>
		</AnimatedTexture>
		<HitSound>monster/wooden_walls_hit</HitSound>
		<DeathSound>monster/stone_walls_death</DeathSound>
		<Size>130</Size>
		<ShadowSize>90</ShadowSize>
		<MaxHitPoints>900</MaxHitPoints>
		<Defense>10</Defense>
		<Projectile id="0">
			<ObjectId>Totem Blast</ObjectId>
			<Damage>40</Damage>
			<Speed>50</Speed>
			<Size>100</Size>
			<LifetimeMS>1000</LifetimeMS>
		</Projectile>
	</Object>
	<Object type="0x0dce" id="Basilisk Baby">
		<Enemy />
		<Class>Character</Class>
		<AnimatedTexture>
			<File>chars16x8dEncounters</File>
			<Index>1</Index>
		</AnimatedTexture>
		<HitSound>monster/slimes_death</HitSound>
		<DeathSound>monster/flying_brain_death</DeathSound>
		<Size>100</Size>
		<ShadowSize>100</ShadowSize>
		<MaxHitPoints>200</MaxHitPoints>
		<Defense>10</Defense>
		<Projectile id="0">
			<ObjectId>Basilisk Acid</ObjectId>
			<MinDamage>15</MinDamage>
			<MaxDamage>30</MaxDamage>
			<Speed>65</Speed>
			<Size>100</Size>
			<LifetimeMS>1000</LifetimeMS>
			<Amplitude>0.05</Amplitude>
			<Frequency>5</Frequency>
		</Projectile>
	</Object>
	<Object type="0x0dcf" id="Basilisk">
		<Enemy />
		<Class>Character</Class>
		<AnimatedTexture>
			<File>chars16x16dEncounters2</File>
			<Index>33</Index>
		</AnimatedTexture>
		<HitSound>monster/slimes_death</HitSound>
		<DeathSound>monster/flying_brain_death</DeathSound>
		<Size>100</Size>
		<ShadowSize>100</ShadowSize>
		<MaxHitPoints>370</MaxHitPoints>
		<Defense>10</Defense>
		<Projectile id="0">
			<ObjectId>Basilisk Acid</ObjectId>
			<MinDamage>15</MinDamage>
			<MaxDamage>30</MaxDamage>
			<Speed>65</Speed>
			<Size>100</Size>
			<LifetimeMS>1000</LifetimeMS>
			<Amplitude>0.05</Amplitude>
			<Frequency>5</Frequency>
		</Projectile>
		<Projectile id="1">
			<ObjectId>Basilisk Beam</ObjectId>
			<MinDamage>15</MinDamage>
			<MaxDamage>30</MaxDamage>
			<Speed>38</Speed>
			<Size>80</Size>
			<LifetimeMS>800</LifetimeMS>
			<PassesCover />
		</Projectile>
		<Projectile id="2">
			<ObjectId>Basilisk Beam</ObjectId>
			<MinDamage>25</MinDamage>
			<MaxDamage>35</MaxDamage>
			<Speed>45</Speed>
			<Size>130</Size>
			<LifetimeMS>800</LifetimeMS>
			<PassesCover />
		</Projectile>
		<Projectile id="3">
			<ObjectId>Basilisk Beam</ObjectId>
			<MinDamage>30</MinDamage>
			<MaxDamage>45</MaxDamage>
			<Speed>55</Speed>
			<Size>180</Size>
			<LifetimeMS>800</LifetimeMS>
			<PassesCover />
		</Projectile>
	</Object>
	<Object type="0x0dd0" id="Mask Shaman">
		<Enemy />
		<Class>Character</Class>
		<Group>Jungle Men</Group>
		<AnimatedTexture>
			<File>chars8x8rEncounters</File>
			<Index>23</Index>
		</AnimatedTexture>
		<HitSound>monster/slimes_death</HitSound>
		<DeathSound>monster/flying_brain_death</DeathSound>
		<Size>100</Size>
		<ShadowSize>100</ShadowSize>
		<MaxHitPoints>250</MaxHitPoints>
		<Defense>5</Defense>
		<Projectile id="0">
			<ObjectId>Shaman Star</ObjectId>
			<Damage>10</Damage>
			<Speed>45</Speed>
			<Size>80</Size>
			<LifetimeMS>1000</LifetimeMS>
			<ConditionEffect duration="4">Hallucinating</ConditionEffect>
			<ConditionEffect duration="1">Quiet</ConditionEffect>
		</Projectile>
	</Object>
	<Object type="0x0dd1" id="Mask Warrior">
		<Enemy />
		<Class>Character</Class>
		<Group>Jungle Men</Group>
		<AnimatedTexture>
			<File>chars8x8rEncounters</File>
			<Index>24</Index>
		</AnimatedTexture>
		<HitSound>monster/slimes_death</HitSound>
		<DeathSound>monster/flying_brain_death</DeathSound>
		<Size>100</Size>
		<ShadowSize>100</ShadowSize>
		<MaxHitPoints>300</MaxHitPoints>
		<Defense>20</Defense>
		<Projectile id="0">
			<ObjectId>Mask Blast</ObjectId>
			<Damage>10</Damage>
			<Speed>30</Speed>
			<Size>80</Size>
			<LifetimeMS>800</LifetimeMS>
		</Projectile>
	</Object>
	<Object type="0x0dd2" id="Mask Hunter">
		<Enemy />
		<Class>Character</Class>
		<Group>Jungle Men</Group>
		<AnimatedTexture>
			<File>chars8x8rEncounters</File>
			<Index>25</Index>
		</AnimatedTexture>
		<HitSound>monster/slimes_death</HitSound>
		<DeathSound>monster/flying_brain_death</DeathSound>
		<Size>100</Size>
		<ShadowSize>100</ShadowSize>
		<MaxHitPoints>300</MaxHitPoints>
		<Defense>10</Defense>
		<Projectile id="0">
			<ObjectId>Hunter Spear</ObjectId>
			<Damage>25</Damage>
			<Speed>60</Speed>
			<Size>80</Size>
			<LifetimeMS>1000</LifetimeMS>
		</Projectile>
	</Object>
	<Object type="0x0dd3" id="Jungle Fire">
		<Enemy />
		<Class>Character</Class>
		<Texture>
			<File>lofiObjBig</File>
			<Index>0x0a</Index>
		</Texture>
		<Animation prob="1.0" period="0.0">
			<Frame time="0.2">
				<Texture>
					<File>lofiObjBig</File>
					<Index>0x0b</Index>
				</Texture>
			</Frame>
			<Frame time="0.2">
				<Texture>
					<File>lofiObjBig</File>
					<Index>0x0c</Index>
				</Texture>
			</Frame>
			<Frame time="0.2">
				<Texture>
					<File>lofiObjBig</File>
					<Index>0x0d</Index>
				</Texture>
			</Frame>
		</Animation>
		<Animation prob="1.0" period="0.0">
			<Frame time="0.2">
				<Texture>
					<File>lofiObjBig</File>
					<Index>0x0e</Index>
				</Texture>
			</Frame>
			<Frame time="0.2">
				<Texture>
					<File>lofiObjBig</File>
					<Index>0x0f</Index>
				</Texture>
			</Frame>
			<Frame time="0.2">
				<Texture>
					<File>lofiObjBig</File>
					<Index>0x10</Index>
				</Texture>
			</Frame>
		</Animation>
		<HitSound>monster/slimes_death</HitSound>
		<DeathSound>monster/flying_brain_death</DeathSound>
		<Size>100</Size>
		<ShadowSize>85</ShadowSize>
		<ShadowColor>0xFA9632</ShadowColor>
		<MaxHitPoints>400</MaxHitPoints>
		<Defense>80</Defense>
		<Projectile id="0">
			<ObjectId>Invisible</ObjectId>
			<MinDamage>10</MinDamage>
			<MaxDamage>20</MaxDamage>
			<Speed>0</Speed>
			<Size>120</Size>
			<LifetimeMS>5000</LifetimeMS>
			<MultiHit />
		</Projectile>
		<Projectile id="1">
			<ObjectId>Fireball 2</ObjectId>
			<MinDamage>20</MinDamage>
			<MaxDamage>30</MaxDamage>
			<Speed>60</Speed>
			<Size>80</Size>
			<LifetimeMS>1200</LifetimeMS>
		</Projectile>
	</Object>
	<Object type="0x0dd4" id="Jungle Ground Flowers">
		<Class>GameObject</Class>
		<RandomTexture>
			<Texture>
				<File>lofiEnvironment3</File>
				<Index>0x67</Index>
			</Texture>
			<Texture>
				<File>lofiEnvironment3</File>
				<Index>0x68</Index>
			</Texture>
			<Texture>
				<File>lofiEnvironment3</File>
				<Index>0x69</Index>
			</Texture>
			<Texture>
				<File>lofiEnvironment3</File>
				<Index>0x6a</Index>
			</Texture>
		</RandomTexture>
		<DrawOnGround />
		<Static />
	</Object>
	<Object type="0x0dd5" id="Jungle Grass">
		<Class>GameObject</Class>
		<RandomTexture>
			<Texture>
				<File>lofiEnvironment3</File>
				<Index>0x63</Index>
			</Texture>
			<Texture>
				<File>lofiEnvironment3</File>
				<Index>0x64</Index>
			</Texture>
			<Texture>
				<File>lofiEnvironment3</File>
				<Index>0x65</Index>
			</Texture>
			<Texture>
				<File>lofiEnvironment3</File>
				<Index>0x66</Index>
			</Texture>
		</RandomTexture>
		<Static />
	</Object>
	<Object type="0x0dd6" id="Jungle Flower Bright">
		<Class>GameObject</Class>
		<RandomTexture>
			<Texture>
				<File>lofiEnvironment3</File>
				<Index>0x6e</Index>
			</Texture>
			<Texture>
				<File>lofiEnvironment3</File>
				<Index>0x6f</Index>
			</Texture>
		</RandomTexture>
		<Static />
	</Object>
	<Object type="0x0dd7" id="Jungle Plant">
		<Class>GameObject</Class>
		<RandomTexture>
			<Texture>
				<File>lofiEnvironment3</File>
				<Index>0x70</Index>
			</Texture>
			<Texture>
				<File>lofiEnvironment3</File>
				<Index>0x71</Index>
			</Texture>
			<Texture>
				<File>lofiEnvironment3</File>
				<Index>0x72</Index>
			</Texture>
		</RandomTexture>
		<Static />
	</Object>
	<Object type="0x0dd8" id="Jungle Plant Solid">
		<Class>GameObject</Class>
		<RandomTexture>
			<Texture>
				<File>lofiEnvironment3</File>
				<Index>0x6b</Index>
			</Texture>
			<Texture>
				<File>lofiEnvironment3</File>
				<Index>0x6c</Index>
			</Texture>
			<Texture>
				<File>lofiEnvironment3</File>
				<Index>0x6d</Index>
			</Texture>
		</RandomTexture>
		<Static />
		<OccupySquare />
		<MaxHitPoints>500</MaxHitPoints>
		<StasisImmune />
		<Enemy />
		<XpMult>0.0</XpMult>
		<HitSound>monster/trees_hit</HitSound>
		<DeathSound>monster/tress_death</DeathSound>
	</Object>
	<Object type="0x0dd9" id="Jungle Rock">
		<Class>GameObject</Class>
		<RandomTexture>
			<Texture>
				<File>lofiEnvironment3</File>
				<Index>0x73</Index>
			</Texture>
			<Texture>
				<File>lofiEnvironment3</File>
				<Index>0x38</Index>
			</Texture>
			<Texture>
				<File>lofiEnvironment3</File>
				<Index>0x74</Index>
			</Texture>
			<Texture>
				<File>lofiEnvironment3</File>
				<Index>0x75</Index>
			</Texture>
		</RandomTexture>
		<Static />
		<OccupySquare />
		<HitSound>monster/trees_hit</HitSound>
		<DeathSound>monster/tress_death</DeathSound>
	</Object>
	<Object type="0x0dda" id="Jungle Tree Big">
		<Class>GameObject</Class>
		<RandomTexture>
			<Texture>
				<File>lofiObjBig</File>
				<Index>0x11</Index>
			</Texture>
			<Texture>
				<File>lofiObjBig</File>
				<Index>0x12</Index>
			</Texture>
			<Texture>
				<File>lofiObjBig</File>
				<Index>0x13</Index>
			</Texture>
			<Texture>
				<File>lofiObjBig</File>
				<Index>0x14</Index>
			</Texture>
		</RandomTexture>
		<Static />
		<OccupySquare />
		<HitSound>monster/trees_hit</HitSound>
		<DeathSound>monster/tress_death</DeathSound>
	</Object>
</Objects>
