<?xml version="1.0" encoding="UTF-8"?>
<Objects>
	<Object type="0x0501" id="Treasure Chest">
		<Class>Container</Class>
		<Container />
		<CanPutNormalObjects />
		<Texture>
			<File>lofiObj</File>
			<Index>0x02</Index>
		</Texture>
		<SlotTypes>0, 0, 0, 0, 0, 0, 0, 0</SlotTypes>
	</Object>
	<Object type="0x0502" id="Gravestone">
		<Class>Container</Class>
		<Container />
		<ShowName />
		<CanPutNormalObjects />
		<Texture>
			<File>lofiObj</File>
			<Index>0x13</Index>
		</Texture>
		<SlotTypes>0, 0, 0, 0, 0, 0, 0, 0</SlotTypes>
	</Object>
	<Object type="0x0504" id="Vault Chest">
		<Class>Container</Class>
		<Container />
		<CanPutNormalObjects />
		<CanPutSoulboundObjects />
		<Texture>
			<File>lofiObj2</File>
			<Index>0x0e</Index>
		</Texture>
		<SlotTypes>0, 0, 0, 0, 0, 0, 0, 0</SlotTypes>
	</Object>
	<Object type="0x0505" id="Closed Vault Chest">
		<Class>ClosedVaultChest</Class>
		<Texture>
			<File>lofiObj2</File>
			<Index>0x0f</Index>
		</Texture>
	</Object>
	<Object type="0x0744" id="Gift Chest">
		<Class>OneWayContainer</Class>
		<Container />
		<Texture>
			<File>lofiObj2</File>
			<Index>0x7f</Index>
		</Texture>
		<Size>120</Size>
		<SlotTypes>0, 0, 0, 0, 0, 0, 0, 0</SlotTypes>
	</Object>
	<Object type="0x0743" id="Gift Chest Closed">
		<Class>ClosedGiftChest</Class>
		<Texture>
			<File>lofiObj2</File>
			<Index>0x7e</Index>
		</Texture>
		<Size>120</Size>
	</Object>
	<Object type="0x0503" id="Soulbound Loot Bag">
		<Class>Container</Class>
		<Container />
		<CanPutSoulboundObjects />
		<Loot />
		<Texture>
			<File>lofiObj2</File>
			<Index>0x76</Index>
		</Texture>
		<Size>80</Size>
		<SlotTypes>0, 0, 0, 0, 0, 0, 0, 0</SlotTypes>
	</Object>
	<Object type="0x0500" id="Loot Bag">
		<Class>Container</Class>
		<Container />
		<CanPutNormalObjects />
		<Loot />
		<Texture>
			<File>lofiObj</File>
			<Index>0x08</Index>
		</Texture>
		<Size>80</Size>
		<SlotTypes>0, 0, 0, 0, 0, 0, 0, 0</SlotTypes>
	</Object>
	<Object type="0x0506" id="Loot Bag 2">
		<DisplayId>Loot Bag</DisplayId>
		<Class>Container</Class>
		<Container />
		<CanPutNormalObjects />
		<Loot />
		<Texture>
			<File>lofiObj4</File>
			<Index>0x9D</Index>
		</Texture>
		<Size>80</Size>
		<SlotTypes>0, 0, 0, 0, 0, 0, 0, 0</SlotTypes>
	</Object>
	<Object type="0x0507" id="Loot Bag 3">
		<DisplayId>Loot Bag</DisplayId>
		<Class>Container</Class>
		<Container />
		<CanPutNormalObjects />
		<CanPutSoulboundObjects />
		<Loot />
		<Texture>
			<File>lofiObj4</File>
			<Index>0x91</Index>
		</Texture>
		<Size>80</Size>
		<SlotTypes>0, 0, 0, 0, 0, 0, 0, 0</SlotTypes>
	</Object>
	<Object type="0x0508" id="Loot Bag 4">
		<DisplayId>Loot Bag</DisplayId>
		<Class>Container</Class>
		<Container />
		<CanPutNormalObjects />
		<CanPutSoulboundObjects />
		<Loot />
		<Texture>
			<File>lofiObj4</File>
			<Index>0x9C</Index>
		</Texture>
		<Size>80</Size>
		<SlotTypes>0, 0, 0, 0, 0, 0, 0, 0</SlotTypes>
	</Object>
	<Object type="0x0509" id="Loot Bag 5">
		<DisplayId>Loot Bag</DisplayId>
		<Class>Container</Class>
		<Container />
		<CanPutNormalObjects />
		<CanPutSoulboundObjects />
		<Loot />
		<Texture>
			<File>lofiObj4</File>
			<Index>0x92</Index>
		</Texture>
		<Size>80</Size>
		<SlotTypes>0, 0, 0, 0, 0, 0, 0, 0</SlotTypes>
	</Object>
	<Object type="0x050B" id="Loot Bag 6">
		<DisplayId>Loot Bag</DisplayId>
		<Class>Container</Class>
		<Container />
		<CanPutNormalObjects />
		<CanPutSoulboundObjects />
		<Loot />
		<Texture>
			<File>lofiObj4</File>
			<Index>0x93</Index>
		</Texture>
		<Size>80</Size>
		<SlotTypes>0, 0, 0, 0, 0, 0, 0, 0</SlotTypes>
	</Object>
	<Object type="0x050C" id="Loot Bag 7">
		<DisplayId>Loot Bag</DisplayId>
		<Class>Container</Class>
		<Container />
		<CanPutNormalObjects />
		<CanPutSoulboundObjects />
		<Loot />
		<Texture>
			<File>lofiObj4</File>
			<Index>0x94</Index>
		</Texture>
		<Size>80</Size>
		<SlotTypes>0, 0, 0, 0, 0, 0, 0, 0</SlotTypes>
	</Object>
	<Object type="0x050E" id="Loot Bag 8">
		<DisplayId>Loot Bag</DisplayId>
		<Class>Container</Class>
		<Container />
		<CanPutNormalObjects />
		<CanPutSoulboundObjects />
		<Loot />
		<Texture>
			<File>lofiObj4</File>
			<Index>0x94</Index>
		</Texture>
		<Size>80</Size>
		<SlotTypes>0, 0, 0, 0, 0, 0, 0, 0</SlotTypes>
	</Object>
	<Object type="0x050F" id="Loot Bag 9">
		<DisplayId>Loot Bag</DisplayId>
		<Class>Container</Class>
		<Container />
		<CanPutNormalObjects />
		<CanPutSoulboundObjects />
		<Loot />
		<Texture>
			<File>lofiObj4</File>
			<Index>0x94</Index>
		</Texture>
		<Size>80</Size>
		<SlotTypes>0, 0, 0, 0, 0, 0, 0, 0</SlotTypes>
	</Object>
	<Object type="0x0510" id="Loot Bag Boost">
		<DisplayId>Loot Bag</DisplayId>
		<Class>Container</Class>
		<Container />
		<CanPutNormalObjects />
		<CanPutSoulboundObjects />
		<Loot />
		<Texture>
			<File>lofiObj4</File>
			<Index>0x95</Index>
		</Texture>
		<Size>80</Size>
		<SlotTypes>0, 0, 0, 0, 0, 0, 0, 0</SlotTypes>
	</Object>
</Objects>
