<?xml version="1.0" encoding="UTF-8"?>
<Objects>
	<Object type="0x124" id="TH honey Heal">
		<Class>Character</Class>
		<Texture>
			<File>invisible</File>
			<Index>0</Index>
		</Texture>
		<NoMiniMap />
		<Size>0</Size>
		<ShadowSize>0</ShadowSize>
		<StasisImmune />
	</Object>
	<Object type="0x125" id="TH Mini Hive">
		<Class>Character</Class>
		<Enemy />
		<AnimatedTexture>
			<File>chars16x16rEncounters</File>
			<Index>128</Index>
		</AnimatedTexture>
		<Size>85</Size>
		<HitSound>monster/wooden_walls_hit</HitSound>
		<DeathSound>monster/wooden_walls_death</DeathSound>
		<MaxHitPoints>120</MaxHitPoints>
		<Defense>5</Defense>
		<XpMult>1.5</XpMult>
	</Object>
	<Object type="0x126" id="TH Small Bees">
		<DisplayId>Small Bee</DisplayId>
		<Enemy />
		<Class>Character</Class>
		<AnimatedTexture>
			<File>chars8x8rEncounters</File>
			<Index>138</Index>
		</AnimatedTexture>
		<HitSound>monster/spiders_hit</HitSound>
		<DeathSound>monster/spiders_death</DeathSound>
		<Size>80</Size>
		<ShadowSize>80</ShadowSize>
		<MaxHitPoints>125</MaxHitPoints>
		<Defense>5</Defense>
		<XpMult>0</XpMult>
		<Flying />
		<Z>0.24</Z>
		<Projectile id="0">
			<ObjectId>Invisible</ObjectId>
			<Damage>40</Damage>
			<Speed>0</Speed>
			<Size>80</Size>
			<LifetimeMS>100</LifetimeMS>
		</Projectile>
	</Object>
	<Object type="0x127" id="TH Fat Bees">
		<DisplayId>Fat Bee</DisplayId>
		<Enemy />
		<Class>Character</Class>
		<AnimatedTexture>
			<File>chars8x8rEncounters</File>
			<Index>137</Index>
		</AnimatedTexture>
		<HitSound>monster/scorpions_hit</HitSound>
		<DeathSound>monster/scorpions_death</DeathSound>
		<Size>80</Size>
		<ShadowSize>80</ShadowSize>
		<MaxHitPoints>250</MaxHitPoints>
		<Defense>5</Defense>
		<Flying />
		<Z>0.24</Z>
		<Projectile id="0">
			<ObjectId>TH Stinger Small</ObjectId>
			<Damage>55</Damage>
			<Speed>60</Speed>
			<Size>100</Size>
			<LifetimeMS>1200</LifetimeMS>
		</Projectile>
	</Object>
	<Object type="0x128" id="TH Red Fat Bees">
		<DisplayId>Fat Angry Bee</DisplayId>
		<Enemy />
		<Class>Character</Class>
		<AnimatedTexture>
			<File>chars8x8rEncounters</File>
			<Index>139</Index>
		</AnimatedTexture>
		<HitSound>monster/pythons_hit</HitSound>
		<DeathSound>monster/pythons_death</DeathSound>
		<Size>80</Size>
		<ShadowSize>80</ShadowSize>
		<MaxHitPoints>250</MaxHitPoints>
		<Defense>5</Defense>
		<Flying />
		<Z>0.24</Z>
		<Projectile id="0">
			<ObjectId>Red Star</ObjectId>
			<Damage>35</Damage>
			<Speed>60</Speed>
			<Size>100</Size>
			<LifetimeMS>900</LifetimeMS>
			<ConditionEffect duration="3">Bleeding</ConditionEffect>
		</Projectile>
	</Object>
	<Object type="0x129" id="TH Queen Bee">
		<DisplayId>Queen Bee</DisplayId>
		<Enemy />
		<Class>Character</Class>
		<AnimatedTexture>
			<File>chars16x16rEncounters</File>
			<Index>127</Index>
		</AnimatedTexture>
		<HitSound>monster/snake_queen_hit</HitSound>
		<DeathSound>monster/snake_queen_death</DeathSound>
		<MaxHitPoints>4300</MaxHitPoints>
		<Defense>15</Defense>
		<XpMult>1</XpMult>
		<Size>120</Size>
		<StasisImmune />
		<Flying />
		<Z>0.24</Z>
		<Quest />
		<Projectile id="0">
			<ObjectId>TH Stinger Large</ObjectId>
			<Damage>50</Damage>
			<Speed>70</Speed>
			<Size>100</Size>
			<LifetimeMS>1000</LifetimeMS>
		</Projectile>
		<Projectile id="1">
			<ObjectId>TH Honey Daze</ObjectId>
			<Damage>70</Damage>
			<Speed>70</Speed>
			<Size>100</Size>
			<ConditionEffect duration="1.5">Dazed</ConditionEffect>
			<LifetimeMS>1000</LifetimeMS>
		</Projectile>
	</Object>
	<Object type="0x12a" id="TH Maggot Egg1">
		<Class>Character</Class>
		<Enemy />
		<Texture>
			<File>lofiObj3</File>
			<Index>0x590</Index>
		</Texture>
		<HitSound>monster/eggs_hit</HitSound>
		<DeathSound>monster/eggs_death</DeathSound>
		<MaxHitPoints>120</MaxHitPoints>
		<Defense>5</Defense>
		<XpMult>0</XpMult>
	</Object>
	<Object type="0x12b" id="TH Maggot Egg2">
		<Class>Character</Class>
		<Enemy />
		<Texture>
			<File>lofiObj3</File>
			<Index>0x58F</Index>
		</Texture>
		<HitSound>monster/eggs_hit</HitSound>
		<DeathSound>monster/eggs_death</DeathSound>
		<MaxHitPoints>120</MaxHitPoints>
		<Defense>5</Defense>
	</Object>
	<Object type="0x12c" id="TH Maggot Egg3">
		<Class>Character</Class>
		<Enemy />
		<Texture>
			<File>lofiObj3</File>
			<Index>0x591</Index>
		</Texture>
		<HitSound>monster/eggs_hit</HitSound>
		<DeathSound>monster/eggs_death</DeathSound>
		<MaxHitPoints>120</MaxHitPoints>
		<Defense>5</Defense>
	</Object>
	<Object type="0x12d" id="TH Maggots">
		<DisplayId>Larve</DisplayId>
		<Enemy />
		<Class>Character</Class>
		<AnimatedTexture>
			<File>chars8x8rEncounters</File>
			<Index>140</Index>
		</AnimatedTexture>
		<HitSound>monster/flayers_hit</HitSound>
		<DeathSound>monster/flayers_death</DeathSound>
		<Size>80</Size>
		<ShadowSize>80</ShadowSize>
		<MaxHitPoints>200</MaxHitPoints>
		<Defense>5</Defense>
		<XpMult>0</XpMult>
		<Projectile id="0">
			<ObjectId>White Bullet</ObjectId>
			<Damage>30</Damage>
			<Speed>30</Speed>
			<Size>40</Size>
			<LifetimeMS>600</LifetimeMS>
			<ConditionEffect duration="0.5">Slowed</ConditionEffect>
		</Projectile>
	</Object>
	<Object type="0x12e" id="TH Queen Bee Summoner">
		<Class>Character</Class>
		<NoMiniMap />
		<MaxHitPoints>10</MaxHitPoints>
		<Size>0</Size>
		<Texture>
			<File>invisible</File>
			<Index>0</Index>
		</Texture>
	</Object>
	<Object type="0x133" id="TH Chunk1">
		<Class>Character</Class>
		<Texture>
			<File>lofiObj3</File>
			<Index>0x592</Index>
		</Texture>
		<MaxHitPoints>120</MaxHitPoints>
		<NoMiniMap />
	</Object>
	<Object type="0x0d0b" id="TH Chunk2">
		<Class>Character</Class>
		<Texture>
			<File>lofiObj3</File>
			<Index>0x593</Index>
		</Texture>
		<MaxHitPoints>120</MaxHitPoints>
		<NoMiniMap />
	</Object>
	<Object type="0x0d0c" id="TH Chunk3">
		<Class>Character</Class>
		<Texture>
			<File>lofiObj3</File>
			<Index>0x594</Index>
		</Texture>
		<MaxHitPoints>120</MaxHitPoints>
		<NoMiniMap />
	</Object>
	<Object type="0x0d0d" id="TH Chunk4">
		<Class>Character</Class>
		<Texture>
			<File>lofiObj3</File>
			<Index>0x595</Index>
		</Texture>
		<MaxHitPoints>120</MaxHitPoints>
		<NoMiniMap />
	</Object>
	<Object type="0x0d44" id="TH Fat Bees 2">
		<DisplayId>Fat Bee</DisplayId>
		<Enemy />
		<Class>Character</Class>
		<AnimatedTexture>
			<File>chars8x8rEncounters</File>
			<Index>137</Index>
		</AnimatedTexture>
		<HitSound>monster/scorpions_hit</HitSound>
		<DeathSound>monster/scorpions_death</DeathSound>
		<Size>80</Size>
		<ShadowSize>80</ShadowSize>
		<MaxHitPoints>250</MaxHitPoints>
		<Defense>5</Defense>
		<XpMult>0</XpMult>
		<Flying />
		<Z>0.24</Z>
		<Projectile id="0">
			<ObjectId>TH Stinger Small</ObjectId>
			<Damage>55</Damage>
			<Speed>60</Speed>
			<Size>100</Size>
			<LifetimeMS>1200</LifetimeMS>
		</Projectile>
	</Object>
	<Object type="0x0d45" id="TH Red Fat Bees 2">
		<DisplayId>Fat Angry Bee</DisplayId>
		<Enemy />
		<Class>Character</Class>
		<AnimatedTexture>
			<File>chars8x8rEncounters</File>
			<Index>139</Index>
		</AnimatedTexture>
		<HitSound>monster/pythons_hit</HitSound>
		<DeathSound>monster/pythons_death</DeathSound>
		<Size>80</Size>
		<ShadowSize>80</ShadowSize>
		<MaxHitPoints>250</MaxHitPoints>
		<Defense>5</Defense>
		<XpMult>0</XpMult>
		<Flying />
		<Z>0.24</Z>
		<Projectile id="0">
			<ObjectId>Red Star</ObjectId>
			<Damage>35</Damage>
			<Speed>60</Speed>
			<Size>100</Size>
			<LifetimeMS>900</LifetimeMS>
			<ConditionEffect duration="3">Bleeding</ConditionEffect>
		</Projectile>
	</Object>
</Objects>
