<?xml version="1.0" encoding="UTF-8"?>
<Objects>
	<Object type="0x746A" id="md LightKey">
		<DisplayId>Key of Light</DisplayId>
		<Class>Character</Class>
		<Enemy />
		<Texture>
			<File>lofiCharBig</File>
			<Index>0x04</Index>
		</Texture>
		<MaxHitPoints>5000</MaxHitPoints>
		<Defense>50</Defense>
		<XpMult>0</XpMult>
		<Size>100</Size>
		<ShadowSize>30</ShadowSize>
		<Z>0.26</Z>
		<Flying />
		<Projectile id="0">
			<ObjectId>Armor Pierce Bullet</ObjectId>
			<Speed>25</Speed>
			<ArmorPiercing />
			<MinDamage>60</MinDamage>
			<MaxDamage>60</MaxDamage>
			<LifetimeMS>1400</LifetimeMS>
			<Size>100</Size>
		</Projectile>
		<Projectile id="1">
			<ObjectId>Armor Pierce Bullet</ObjectId>
			<Speed>25</Speed>
			<ArmorPiercing />
			<MinDamage>60</MinDamage>
			<MaxDamage>60</MaxDamage>
			<LifetimeMS>2400</LifetimeMS>
			<Size>100</Size>
		</Projectile>
		<Animation prob="1" period="0">
			<Frame time="0.2">
				<Texture>
					<File>lofiCharBig</File>
					<Index>0x05</Index>
				</Texture>
			</Frame>
			<Frame time="0.2">
				<Texture>
					<File>lofiCharBig</File>
					<Index>0x04</Index>
				</Texture>
			</Frame>
			<Frame time="0.2">
				<Texture>
					<File>lofiCharBig</File>
					<Index>0x06</Index>
				</Texture>
			</Frame>
			<Frame time="0.4">
				<Texture>
					<File>lofiCharBig</File>
					<Index>0x07</Index>
				</Texture>
			</Frame>
			<Frame time="0.2">
				<Texture>
					<File>lofiCharBig</File>
					<Index>0x06</Index>
				</Texture>
			</Frame>
			<Frame time="0.2">
				<Texture>
					<File>lofiCharBig</File>
					<Index>0x04</Index>
				</Texture>
			</Frame>
			<Frame time="0.2">
				<Texture>
					<File>lofiCharBig</File>
					<Index>0x05</Index>
				</Texture>
			</Frame>
			<Frame time="0.4">
				<Texture>
					<File>lofiCharBig</File>
					<Index>0x08</Index>
				</Texture>
			</Frame>
		</Animation>
	</Object>
	<Object type="0x746B" id="md DarkKey">
		<DisplayId>Key of Darkness</DisplayId>
		<Class>Character</Class>
		<Enemy />
		<Texture>
			<File>d1lofiObjBig</File>
			<Index>0x13</Index>
		</Texture>
		<MaxHitPoints>10000</MaxHitPoints>
		<Defense>20</Defense>
		<XpMult>0</XpMult>
		<Size>100</Size>
		<ShadowSize>30</ShadowSize>
		<Z>0.26</Z>
		<Flying />
		<Projectile id="0">
			<ObjectId>Armor Pierce Bullet</ObjectId>
			<Speed>25</Speed>
			<ArmorPiercing />
			<MinDamage>60</MinDamage>
			<MaxDamage>60</MaxDamage>
			<LifetimeMS>1400</LifetimeMS>
			<Size>100</Size>
		</Projectile>
		<Projectile id="1">
			<ObjectId>Armor Pierce Bullet</ObjectId>
			<Speed>25</Speed>
			<ArmorPiercing />
			<MinDamage>60</MinDamage>
			<MaxDamage>60</MaxDamage>
			<LifetimeMS>2400</LifetimeMS>
			<Size>100</Size>
		</Projectile>
		<Animation prob="1" period="0">
			<Frame time="0.2">
				<Texture>
					<File>d1lofiObjBig</File>
					<Index>0x14</Index>
				</Texture>
			</Frame>
			<Frame time="0.2">
				<Texture>
					<File>d1lofiObjBig</File>
					<Index>0x13</Index>
				</Texture>
			</Frame>
			<Frame time="0.2">
				<Texture>
					<File>d1lofiObjBig</File>
					<Index>0x15</Index>
				</Texture>
			</Frame>
			<Frame time="0.4">
				<Texture>
					<File>d1lofiObjBig</File>
					<Index>0x16</Index>
				</Texture>
			</Frame>
			<Frame time="0.2">
				<Texture>
					<File>d1lofiObjBig</File>
					<Index>0x15</Index>
				</Texture>
			</Frame>
			<Frame time="0.2">
				<Texture>
					<File>d1lofiObjBig</File>
					<Index>0x13</Index>
				</Texture>
			</Frame>
			<Frame time="0.2">
				<Texture>
					<File>d1lofiObjBig</File>
					<Index>0x14</Index>
				</Texture>
			</Frame>
			<Frame time="0.4">
				<Texture>
					<File>d1lofiObjBig</File>
					<Index>0x17</Index>
				</Texture>
			</Frame>
		</Animation>
	</Object>
	<Object type="0x2009" id="md dwGenerator">
		<DisplayId>Janus the Doorwarden</DisplayId>
		<Class>Character</Class>
		<Texture>
			<File>invisible</File>
			<Index>0</Index>
		</Texture>
		<NoMiniMap />
		<Size>0</Size>
		<ShadowSize>0</ShadowSize>
		<StasisImmune />
		<XpMult>0.0</XpMult>
	</Object>
	<Object type="0x746D" id="md dwspawner">
		<Class>Character</Class>
		<Texture>
			<File>d1lofiObjBig</File>
			<Index>0xC</Index>
		</Texture>
		<NoMiniMap />
		<Size>250</Size>
		<ShadowSize>0</ShadowSize>
		<StasisImmune />
		<XpMult>0.0</XpMult>
	</Object>
	<Object type="0x2008" id="md Janus the Doorwarden">
		<DisplayId>Janus the Doorwarden</DisplayId>
		<Class>Character</Class>
		<Enemy />
		<Z>0.4</Z>
		<Flying />
		<AnimatedTexture>
			<File>d1chars16x16r</File>
			<Index>0</Index>
		</AnimatedTexture>
		<HitSound>monster/skeletons_hit</HitSound>
		<DeathSound>monster/skeletons_death</DeathSound>
		<Size>250</Size>
		<ShadowSize>25</ShadowSize>
		<MaxHitPoints>260000</MaxHitPoints>
		<Defense>20</Defense>
		<XpMult>0</XpMult>
		<ParalyzeImmune />
		<DazedImmune />
		<StasisImmune />
		<StunImmune />
		<AltTexture id="1">
			<Texture>
				<File>invisible</File>
				<Index>0</Index>
			</Texture>
		</AltTexture>
		<AltTexture id="2">
			<Texture>
				<File>d1lofiObjBig</File>
				<Index>0x0</Index>
			</Texture>
		</AltTexture>
		<AltTexture id="3">
			<Texture>
				<File>d1lofiObjBig</File>
				<Index>0x1</Index>
			</Texture>
		</AltTexture>
		<AltTexture id="4">
			<Texture>
				<File>d1lofiObjBig</File>
				<Index>0x2</Index>
			</Texture>
		</AltTexture>
		<AltTexture id="5">
			<Texture>
				<File>d1lofiObjBig</File>
				<Index>0x3</Index>
			</Texture>
		</AltTexture>
		<AltTexture id="6">
			<Texture>
				<File>d1lofiObjBig</File>
				<Index>0x4</Index>
			</Texture>
		</AltTexture>
		<AltTexture id="7">
			<Texture>
				<File>d1lofiObjBig</File>
				<Index>0x5</Index>
			</Texture>
		</AltTexture>
		<AltTexture id="8">
			<Texture>
				<File>d1lofiObjBig</File>
				<Index>0x6</Index>
			</Texture>
		</AltTexture>
		<AltTexture id="9">
			<Texture>
				<File>d1lofiObjBig</File>
				<Index>0x7</Index>
			</Texture>
		</AltTexture>
		<AltTexture id="10">
			<Texture>
				<File>d1lofiObjBig</File>
				<Index>0x8</Index>
			</Texture>
		</AltTexture>
		<AltTexture id="11">
			<Texture>
				<File>d1lofiObjBig</File>
				<Index>0x9</Index>
			</Texture>
		</AltTexture>
		<AltTexture id="12">
			<Texture>
				<File>d1lofiObjBig</File>
				<Index>0xA</Index>
			</Texture>
		</AltTexture>
		<AltTexture id="13">
			<Texture>
				<File>d1lofiObjBig</File>
				<Index>0xB</Index>
			</Texture>
		</AltTexture>
		<AltTexture id="14">
			<Texture>
				<File>d1lofiObjBig</File>
				<Index>0xC</Index>
			</Texture>
		</AltTexture>
		<AltTexture id="15">
			<Texture>
				<File>d1lofiObjBig</File>
				<Index>0xD</Index>
			</Texture>
		</AltTexture>
		<AltTexture id="16">
			<Texture>
				<File>d1lofiObjBig</File>
				<Index>0xE</Index>
			</Texture>
		</AltTexture>
		<AltTexture id="17">
			<Texture>
				<File>d1lofiObjBig</File>
				<Index>0xF</Index>
			</Texture>
		</AltTexture>
		<AltTexture id="18">
			<Texture>
				<File>d1lofiObjBig</File>
				<Index>0x10</Index>
			</Texture>
		</AltTexture>
		<AltTexture id="19">
			<Texture>
				<File>d1lofiObjBig</File>
				<Index>0x11</Index>
			</Texture>
		</AltTexture>
		<Projectile id="0">
			<ObjectId>Purple Boomerang</ObjectId>
			<Speed>55</Speed>
			<ArmorPiercing />
			<MinDamage>50</MinDamage>
			<MaxDamage>50</MaxDamage>
			<LifetimeMS>1700</LifetimeMS>
			<Size>125</Size>
			<Boomerang />
		</Projectile>
		<Projectile id="1">
			<ObjectId>Purple Boomerang</ObjectId>
			<Speed>55</Speed>
			<ArmorPiercing />
			<MinDamage>50</MinDamage>
			<MaxDamage>50</MaxDamage>
			<LifetimeMS>3500</LifetimeMS>
			<Size>125</Size>
			<Boomerang />
		</Projectile>
	</Object>
	<Object type="0x746F" id="md placer1">
		<Class>Character</Class>
		<Texture>
			<File>invisible</File>
			<Index>0</Index>
		</Texture>
		<NoMiniMap />
		<Size>0</Size>
		<ShadowSize>0</ShadowSize>
		<StasisImmune />
		<XpMult>0.0</XpMult>
	</Object>
	<Object type="0x2002" id="md placer3">
		<Class>Character</Class>
		<Texture>
			<File>invisible</File>
			<Index>0</Index>
		</Texture>
		<NoMiniMap />
		<Size>0</Size>
		<ShadowSize>0</ShadowSize>
		<StasisImmune />
		<XpMult>0.0</XpMult>
	</Object>
	<Object type="0x2003" id="md placer2">
		<Class>Character</Class>
		<Texture>
			<File>invisible</File>
			<Index>0</Index>
		</Texture>
		<NoMiniMap />
		<Size>0</Size>
		<ShadowSize>0</ShadowSize>
		<StasisImmune />
		<XpMult>0.0</XpMult>
	</Object>
	<Object type="0x2004" id="md placer4">
		<Class>Character</Class>
		<Texture>
			<File>invisible</File>
			<Index>0</Index>
		</Texture>
		<NoMiniMap />
		<Size>0</Size>
		<ShadowSize>0</ShadowSize>
		<StasisImmune />
		<XpMult>0.0</XpMult>
	</Object>
	<Object type="0x2005" id="Craig, Intern of the Mad God">
		<Class>Character</Class>
		<AnimatedTexture>
			<File>chars8x8rMid</File>
			<Index>0x02</Index>
		</AnimatedTexture>
		<HitSound>monster/slimes_death</HitSound>
		<DeathSound>monster/flying_brain_death</DeathSound>
		<Size>100</Size>
		<ShadowSize>50</ShadowSize>
	</Object>
	<Object type="0x2006" id="md placer5">
		<Class>Character</Class>
		<Texture>
			<File>invisible</File>
			<Index>0</Index>
		</Texture>
		<NoMiniMap />
		<Size>0</Size>
		<ShadowSize>0</ShadowSize>
		<StasisImmune />
		<XpMult>0.0</XpMult>
	</Object>
	<Object type="0x2007" id="md Loot Balloon Doorwarden">
		<DisplayId>Janus Chest</DisplayId>
		<Class>Character</Class>
		<Enemy />
		<Texture>
			<File>lofiObj3</File>
			<Index>0x466</Index>
		</Texture>
		<MaxHitPoints>120000</MaxHitPoints>
		<Defense>0</Defense>
		<Size>160</Size>
		<XpMult>2</XpMult>
	</Object>
</Objects>
