<?xml version="1.0" encoding="UTF-8"?>
<GroundTypes>
	<Ground type="0x0fd0" id="Sakura Petals Pile">
		<RandomTexture>
			<Texture>
				<File>SakuraEnvironment8x8</File>
				<Index>0x05</Index>
			</Texture>
			<Texture>
				<File>SakuraEnvironment8x8</File>
				<Index>0x06</Index>
			</Texture>
			<Texture>
				<File>SakuraEnvironment8x8</File>
				<Index>0x07</Index>
			</Texture>
		</RandomTexture>
		<BlendPriority>22</BlendPriority>
		<Speed>.9</Speed>
	</Ground>
	<Ground type="0xfd1" id="Rock NoBP">
		<Texture>
			<File>lofiEnvironment</File>
			<Index>0x60</Index>
		</Texture>
		<RandomOffset />
	</Ground>
	<Ground type="0xfd2" id="Bright Grass 2 HIghBP">
		<Texture>
			<File>lofiObj3</File>
			<Index>0x0f</Index>
		</Texture>
		<Edge>
			<Texture>
				<File>lofiObj3</File>
				<Index>0x1f</Index>
			</Texture>
		</Edge>
		<Corner>
			<Texture>
				<File>lofiObj3</File>
				<Index>0x27</Index>
			</Texture>
		</Corner>
		<BlendPriority>11</BlendPriority>
		<RandomOffset />
	</Ground>
	<Ground type="0xfd3" id="Onsen Water">
		<Texture>
			<File>SakuraEnvironment8x8</File>
			<Index>0x16</Index>
		</Texture>
		<Edge>
			<Texture>
				<File>SakuraEnvironment8x8</File>
				<Index>0x18</Index>
			</Texture>
		</Edge>
		<InnerCorner>
			<Texture>
				<File>SakuraEnvironment8x8</File>
				<Index>0x19</Index>
			</Texture>
		</InnerCorner>
		<Sink />
		<BlendPriority>16</BlendPriority>
	</Ground>
	<Ground type="0xfd4" id="Onsen Floor">
		<RandomTexture>
			<Texture>
				<File>SakuraEnvironment8x8</File>
				<Index>0x1a</Index>
			</Texture>
			<Texture>
				<File>SakuraEnvironment8x8</File>
				<Index>0x1b</Index>
			</Texture>
			<Texture>
				<File>SakuraEnvironment8x8</File>
				<Index>0x1c</Index>
			</Texture>
		</RandomTexture>
		<Edge>
			<Texture>
				<File>lofiEnvironment3</File>
				<Index>0x1d</Index>
			</Texture>
		</Edge>
		<InnerCorner>
			<Texture>
				<File>lofiEnvironment3</File>
				<Index>0x1e</Index>
			</Texture>
		</InnerCorner>
	</Ground>
	<Ground type="0xfd5" id="Hanami Grass 1">
		<Texture>
			<File>SakuraEnvironment8x8</File>
			<Index>0x33</Index>
		</Texture>
		<BlendPriority>16</BlendPriority>
		<RandomOffset />
	</Ground>
	<Ground type="0xfd6" id="Hanami Grass 2">
		<Texture>
			<File>SakuraEnvironment8x8</File>
			<Index>0x34</Index>
		</Texture>
		<BlendPriority>20</BlendPriority>
		<RandomOffset />
	</Ground>
	<Ground type="0xfd7" id="Onsen Water Test">
		<Texture>
			<File>SakuraEnvironment8x8</File>
			<Index>0x16</Index>
		</Texture>
		<Edge>
			<Texture>
				<File>SakuraEnvironment8x8</File>
				<Index>0x18</Index>
			</Texture>
		</Edge>
		<InnerCorner>
			<Texture>
				<File>SakuraEnvironment8x8</File>
				<Index>0x19</Index>
			</Texture>
		</InnerCorner>
		<Top>
			<Texture>
				<File>SakuraEnvironment8x8</File>
				<Index>0x15</Index>
			</Texture>
		</Top>
		<Sink />
		<BlendPriority>1</BlendPriority>
	</Ground>
	<Ground type="0xfd8" id="Hanami Grass 3">
		<Texture>
			<File>SakuraEnvironment8x8</File>
			<Index>0x37</Index>
		</Texture>
		<BlendPriority>18</BlendPriority>
		<RandomOffset />
	</Ground>
	<Ground type="0xfd9" id="Onsen Water Dark">
		<Texture>
			<File>SakuraEnvironment8x8</File>
			<Index>0x3d</Index>
		</Texture>
		<Edge>
			<Texture>
				<File>SakuraEnvironment8x8</File>
				<Index>0x3e</Index>
			</Texture>
		</Edge>
		<InnerCorner>
			<Texture>
				<File>SakuraEnvironment8x8</File>
				<Index>0x3f</Index>
			</Texture>
		</InnerCorner>
		<Sink />
		<BlendPriority>16</BlendPriority>
	</Ground>
	<Ground type="0xfda" id="Onsen Water 2">
		<Texture>
			<File>SakuraEnvironment8x8</File>
			<Index>0x17</Index>
		</Texture>
		<Edge>
			<Texture>
				<File>SakuraEnvironment8x8</File>
				<Index>0x18</Index>
			</Texture>
		</Edge>
		<InnerCorner>
			<Texture>
				<File>SakuraEnvironment8x8</File>
				<Index>0x19</Index>
			</Texture>
		</InnerCorner>
		<Sink />
		<BlendPriority>16</BlendPriority>
	</Ground>
	<Ground type="0xfdb" id="Hanami Grass 1 Dark">
		<Texture>
			<File>SakuraEnvironment8x8</File>
			<Index>0x50</Index>
		</Texture>
		<BlendPriority>16</BlendPriority>
		<RandomOffset />
	</Ground>
	<Ground type="0xfdc" id="Hanami Grass 2 Dark">
		<Texture>
			<File>SakuraEnvironment8x8</File>
			<Index>0x51</Index>
		</Texture>
		<BlendPriority>20</BlendPriority>
		<RandomOffset />
	</Ground>
	<Ground type="0xfdd" id="Hanami Grass 3 Dark">
		<Texture>
			<File>SakuraEnvironment8x8</File>
			<Index>0x52</Index>
		</Texture>
		<BlendPriority>18</BlendPriority>
		<RandomOffset />
	</Ground>
	<Ground type="0xfde" id="Hanami Grass 1 Light">
		<Texture>
			<File>SakuraEnvironment8x8</File>
			<Index>0x53</Index>
		</Texture>
		<BlendPriority>16</BlendPriority>
		<RandomOffset />
	</Ground>
	<Ground type="0xfdf" id="Hanami Grass 2 Light">
		<Texture>
			<File>SakuraEnvironment8x8</File>
			<Index>0x54</Index>
		</Texture>
		<BlendPriority>20</BlendPriority>
		<RandomOffset />
	</Ground>
	<Ground type="0xfe0" id="Hanami Grass 3 Light">
		<Texture>
			<File>SakuraEnvironment8x8</File>
			<Index>0x55</Index>
		</Texture>
		<BlendPriority>18</BlendPriority>
		<RandomOffset />
	</Ground>
	<Ground type="0xfe1" id="Light Grass Dark">
		<Texture>
			<File>SakuraEnvironment8x8</File>
			<Index>0x56</Index>
		</Texture>
		<BlendPriority>4</BlendPriority>
		<RandomOffset />
	</Ground>
	<Ground type="0xfe2" id="New Grass Dark">
		<Texture>
			<File>SakuraEnvironment8x8</File>
			<Index>0x57</Index>
		</Texture>
		<BlendPriority>-2</BlendPriority>
	</Ground>
	<Ground type="0xfe3" id="Sakura Petals Pile Dark">
		<RandomTexture>
			<Texture>
				<File>SakuraEnvironment8x8</File>
				<Index>0x58</Index>
			</Texture>
			<Texture>
				<File>SakuraEnvironment8x8</File>
				<Index>0x59</Index>
			</Texture>
			<Texture>
				<File>SakuraEnvironment8x8</File>
				<Index>0x5a</Index>
			</Texture>
		</RandomTexture>
		<BlendPriority>22</BlendPriority>
		<Speed>.9</Speed>
	</Ground>
	<Ground type="0xfe4" id="Stone Floor Offset Steam Top 1">
		<Texture>
			<File>lofiEnvironment2</File>
			<Index>0x3d</Index>
		</Texture>
		<Top>
			<Texture>
				<File>SakuraEnvironment8x8</File>
				<Index>0x15</Index>
			</Texture>
		</Top>
	</Ground>
	<Ground type="0xfe5" id="Stone Floor Offset Steam Top 2">
		<Texture>
			<File>lofiEnvironment2</File>
			<Index>0x3d</Index>
		</Texture>
		<Top>
			<Texture>
				<File>SakuraEnvironment8x8</File>
				<Index>0x78</Index>
			</Texture>
		</Top>
	</Ground>
	<Ground type="0xfe6" id="Rock Steam Top 1">
		<Texture>
			<File>lofiEnvironment</File>
			<Index>0x60</Index>
		</Texture>
		<Top>
			<Texture>
				<File>SakuraEnvironment8x8</File>
				<Index>0x15</Index>
			</Texture>
		</Top>
		<BlendPriority>10</BlendPriority>
		<RandomOffset />
	</Ground>
	<Ground type="0xfe7" id="Rock Steam Top 2">
		<Texture>
			<File>lofiEnvironment</File>
			<Index>0x60</Index>
		</Texture>
		<Top>
			<Texture>
				<File>SakuraEnvironment8x8</File>
				<Index>0x78</Index>
			</Texture>
		</Top>
		<BlendPriority>10</BlendPriority>
		<RandomOffset />
	</Ground>
	<Ground type="0xfe8" id="Onsen Floor Steam Top 1">
		<RandomTexture>
			<Texture>
				<File>SakuraEnvironment8x8</File>
				<Index>0x1a</Index>
			</Texture>
			<Texture>
				<File>SakuraEnvironment8x8</File>
				<Index>0x1b</Index>
			</Texture>
			<Texture>
				<File>SakuraEnvironment8x8</File>
				<Index>0x1c</Index>
			</Texture>
		</RandomTexture>
		<Edge>
			<Texture>
				<File>lofiEnvironment3</File>
				<Index>0x1d</Index>
			</Texture>
		</Edge>
		<InnerCorner>
			<Texture>
				<File>lofiEnvironment3</File>
				<Index>0x1e</Index>
			</Texture>
		</InnerCorner>
		<Top>
			<Texture>
				<File>SakuraEnvironment8x8</File>
				<Index>0x15</Index>
			</Texture>
		</Top>
	</Ground>
	<Ground type="0xfe9" id="Onsen Floor Steam Top 2">
		<RandomTexture>
			<Texture>
				<File>SakuraEnvironment8x8</File>
				<Index>0x1a</Index>
			</Texture>
			<Texture>
				<File>SakuraEnvironment8x8</File>
				<Index>0x1b</Index>
			</Texture>
			<Texture>
				<File>SakuraEnvironment8x8</File>
				<Index>0x1c</Index>
			</Texture>
		</RandomTexture>
		<Edge>
			<Texture>
				<File>lofiEnvironment3</File>
				<Index>0x1d</Index>
			</Texture>
		</Edge>
		<InnerCorner>
			<Texture>
				<File>lofiEnvironment3</File>
				<Index>0x1e</Index>
			</Texture>
		</InnerCorner>
		<Top>
			<Texture>
				<File>SakuraEnvironment8x8</File>
				<Index>0x78</Index>
			</Texture>
		</Top>
	</Ground>
	<Ground type="0xfea" id="Onsen Water Steam Top 1">
		<Texture>
			<File>SakuraEnvironment8x8</File>
			<Index>0x16</Index>
		</Texture>
		<Edge>
			<Texture>
				<File>SakuraEnvironment8x8</File>
				<Index>0x18</Index>
			</Texture>
		</Edge>
		<InnerCorner>
			<Texture>
				<File>SakuraEnvironment8x8</File>
				<Index>0x19</Index>
			</Texture>
		</InnerCorner>
		<Top>
			<Texture>
				<File>SakuraEnvironment8x8</File>
				<Index>0x15</Index>
			</Texture>
		</Top>
		<Sink />
		<BlendPriority>16</BlendPriority>
	</Ground>
	<Ground type="0xfeb" id="Onsen Water Steam Top 2">
		<Texture>
			<File>SakuraEnvironment8x8</File>
			<Index>0x16</Index>
		</Texture>
		<Edge>
			<Texture>
				<File>SakuraEnvironment8x8</File>
				<Index>0x18</Index>
			</Texture>
		</Edge>
		<InnerCorner>
			<Texture>
				<File>SakuraEnvironment8x8</File>
				<Index>0x19</Index>
			</Texture>
		</InnerCorner>
		<Top>
			<Texture>
				<File>SakuraEnvironment8x8</File>
				<Index>0x78</Index>
			</Texture>
		</Top>
		<Sink />
		<BlendPriority>16</BlendPriority>
	</Ground>
	<Ground type="0xfec" id="Onsen Water 2 Steam Top 1">
		<Texture>
			<File>SakuraEnvironment8x8</File>
			<Index>0x17</Index>
		</Texture>
		<Edge>
			<Texture>
				<File>SakuraEnvironment8x8</File>
				<Index>0x18</Index>
			</Texture>
		</Edge>
		<InnerCorner>
			<Texture>
				<File>SakuraEnvironment8x8</File>
				<Index>0x19</Index>
			</Texture>
		</InnerCorner>
		<Top>
			<Texture>
				<File>SakuraEnvironment8x8</File>
				<Index>0x15</Index>
			</Texture>
		</Top>
		<Sink />
		<BlendPriority>16</BlendPriority>
	</Ground>
	<Ground type="0xfed" id="Onsen Water 2 Steam Top 2">
		<Texture>
			<File>SakuraEnvironment8x8</File>
			<Index>0x17</Index>
		</Texture>
		<Edge>
			<Texture>
				<File>SakuraEnvironment8x8</File>
				<Index>0x18</Index>
			</Texture>
		</Edge>
		<InnerCorner>
			<Texture>
				<File>SakuraEnvironment8x8</File>
				<Index>0x19</Index>
			</Texture>
		</InnerCorner>
		<Top>
			<Texture>
				<File>SakuraEnvironment8x8</File>
				<Index>0x78</Index>
			</Texture>
		</Top>
		<Sink />
		<BlendPriority>16</BlendPriority>
	</Ground>
	<Ground type="0xfee" id="Onsen Water Dark Steam Top 1">
		<Texture>
			<File>SakuraEnvironment8x8</File>
			<Index>0x3d</Index>
		</Texture>
		<Edge>
			<Texture>
				<File>SakuraEnvironment8x8</File>
				<Index>0x3e</Index>
			</Texture>
		</Edge>
		<InnerCorner>
			<Texture>
				<File>SakuraEnvironment8x8</File>
				<Index>0x3f</Index>
			</Texture>
		</InnerCorner>
		<Top>
			<Texture>
				<File>SakuraEnvironment8x8</File>
				<Index>0x15</Index>
			</Texture>
		</Top>
		<Sink />
		<BlendPriority>16</BlendPriority>
	</Ground>
	<Ground type="0xfef" id="Onsen Water Dark Steam Top 2">
		<Texture>
			<File>SakuraEnvironment8x8</File>
			<Index>0x3d</Index>
		</Texture>
		<Edge>
			<Texture>
				<File>SakuraEnvironment8x8</File>
				<Index>0x3e</Index>
			</Texture>
		</Edge>
		<InnerCorner>
			<Texture>
				<File>SakuraEnvironment8x8</File>
				<Index>0x3f</Index>
			</Texture>
		</InnerCorner>
		<Top>
			<Texture>
				<File>SakuraEnvironment8x8</File>
				<Index>0x78</Index>
			</Texture>
		</Top>
		<Sink />
		<BlendPriority>16</BlendPriority>
	</Ground>
	<Ground type="0xffa" id="Black Steam Top 1 No Walk">
		<Texture>
			<File>lofiEnvironment3</File>
			<Index>0xdc</Index>
		</Texture>
		<Top>
			<Texture>
				<File>SakuraEnvironment8x8</File>
				<Index>0x15</Index>
			</Texture>
		</Top>
		<NoWalk />
	</Ground>
	<Ground type="0xffb" id="Black Steam Top 1">
		<Texture>
			<File>lofiEnvironment3</File>
			<Index>0xdc</Index>
		</Texture>
		<Top>
			<Texture>
				<File>SakuraEnvironment8x8</File>
				<Index>0x15</Index>
			</Texture>
		</Top>
	</Ground>
</GroundTypes>
