<?xml version="1.0" encoding="UTF-8"?>
<Objects>
	<Object type="0x668" id="Red Demon">
		<Group>Heros</Group>
		<Enemy />
		<Class>Character</Class>
		<Texture>
			<File>lofiChar16x16</File>
			<Index>0x41</Index>
		</Texture>
		<HitSound>monster/flaming_skulls_hit</HitSound>
		<DeathSound>monster/flaming_skulls_death</DeathSound>
		<Size>100</Size>
		<MaxHitPoints>7000</MaxHitPoints>
		<Defense>12</Defense>
		<Flying />
		<Hero />
		<Quest />
		<God />
		<Level>19</Level>
		<XpMult>1.2</XpMult>
		<Projectile id="0">
			<ObjectId>Pink Bolt</ObjectId>
			<Damage>100</Damage>
			<Speed>50</Speed>
			<LifetimeMS>3000</LifetimeMS>
			<Size>120</Size>
		</Projectile>
		<Projectile id="1">
			<ObjectId>Fire Mystic Shot</ObjectId>
			<Damage>110</Damage>
			<Speed>9</Speed>
			<LifetimeMS>10000</LifetimeMS>
			<PassesCover />
			<Parametric />
		</Projectile>
	</Object>
	<Object type="0x669" id="Imp">
		<Group>Demons</Group>
		<Enemy />
		<Class>Character</Class>
		<AnimatedTexture>
			<File>chars8x8rHero1</File>
			<Index>0x11</Index>
		</AnimatedTexture>
		<HitSound>monster/demons_hit</HitSound>
		<DeathSound>monster/demons_death</DeathSound>
		<Size>100</Size>
		<MaxHitPoints>200</MaxHitPoints>
		<Defense>10</Defense>
		<Flying />
		<XpMult>0.1</XpMult>
		<Projectile id="0">
			<ObjectId>Fire Bolt</ObjectId>
			<Damage>40</Damage>
			<Speed>50</Speed>
			<LifetimeMS>3000</LifetimeMS>
		</Projectile>
	</Object>
	<Object type="0x66a" id="Demon">
		<Group>Demons</Group>
		<Enemy />
		<Class>Character</Class>
		<AnimatedTexture>
			<File>chars8x8rHero1</File>
			<Index>0x12</Index>
		</AnimatedTexture>
		<HitSound>monster/demons_hit</HitSound>
		<DeathSound>monster/demons_death</DeathSound>
		<Size>100</Size>
		<MaxHitPoints>250</MaxHitPoints>
		<Defense>12</Defense>
		<XpMult>0.1</XpMult>
		<Projectile id="0">
			<ObjectId>Red Fire</ObjectId>
			<Damage>55</Damage>
			<Speed>80</Speed>
			<LifetimeMS>2000</LifetimeMS>
		</Projectile>
	</Object>
	<Object type="0x66b" id="Demon Warrior">
		<Group>Demons</Group>
		<Enemy />
		<Class>Character</Class>
		<AnimatedTexture>
			<File>chars8x8rHero1</File>
			<Index>0x13</Index>
		</AnimatedTexture>
		<HitSound>monster/demons_hit</HitSound>
		<DeathSound>monster/demons_death</DeathSound>
		<Size>100</Size>
		<MaxHitPoints>260</MaxHitPoints>
		<Defense>14</Defense>
		<XpMult>0.1</XpMult>
		<Projectile id="0">
			<ObjectId>Red Fire</ObjectId>
			<Damage>60</Damage>
			<Speed>70</Speed>
			<LifetimeMS>900</LifetimeMS>
		</Projectile>
	</Object>
	<Object type="0x675" id="Phoenix Lord">
		<Group>Heros</Group>
		<Enemy />
		<Class>Character</Class>
		<Texture>
			<File>lofiChar216x16</File>
			<Index>0x2a</Index>
		</Texture>
		<Size>100</Size>
		<MaxHitPoints>3000</MaxHitPoints>
		<Defense>15</Defense>
		<Flying />
		<Hero />
		<Quest />
		<Level>17</Level>
		<XpMult>1</XpMult>
		<Projectile id="0">
			<ObjectId>Fire Bolt</ObjectId>
			<Damage>65</Damage>
			<Speed>60</Speed>
			<LifetimeMS>2400</LifetimeMS>
		</Projectile>
	</Object>
	<Object type="0x676" id="Birdman Chief">
		<Group>Pyre</Group>
		<Enemy />
		<Class>Character</Class>
		<AnimatedTexture>
			<File>chars8x8rHero1</File>
			<Index>0x15</Index>
		</AnimatedTexture>
		<Size>105</Size>
		<MaxHitPoints>250</MaxHitPoints>
		<Defense>11</Defense>
		<XpMult>0.1</XpMult>
		<Projectile id="0">
			<ObjectId>White Flame</ObjectId>
			<Damage>40</Damage>
			<Speed>55</Speed>
			<Size>80</Size>
			<LifetimeMS>1800</LifetimeMS>
		</Projectile>
	</Object>
	<Object type="0x677" id="Birdman">
		<Group>Pyre</Group>
		<Enemy />
		<Class>Character</Class>
		<AnimatedTexture>
			<File>chars8x8rHero1</File>
			<Index>0x16</Index>
		</AnimatedTexture>
		<Size>95</Size>
		<MaxHitPoints>200</MaxHitPoints>
		<Defense>7</Defense>
		<XpMult>0.1</XpMult>
		<Projectile id="0">
			<ObjectId>White Flame</ObjectId>
			<Damage>46</Damage>
			<Speed>60</Speed>
			<Size>80</Size>
			<LifetimeMS>1200</LifetimeMS>
		</Projectile>
	</Object>
	<Object type="0x6c1" id="Phoenix Reborn">
		<Group>Heros</Group>
		<Enemy />
		<Class>Character</Class>
		<Texture>
			<File>lofiChar216x16</File>
			<Index>0x2a</Index>
		</Texture>
		<Size>100</Size>
		<MaxHitPoints>4200</MaxHitPoints>
		<Defense>15</Defense>
		<Flying />
		<Quest />
		<Level>17</Level>
		<XpMult>1</XpMult>
		<Projectile id="0">
			<ObjectId>Fire Spinner</ObjectId>
			<Damage>55</Damage>
			<Speed>70</Speed>
			<LifetimeMS>2400</LifetimeMS>
			<ConditionEffect duration="2.5">Weak</ConditionEffect>
		</Projectile>
		<Projectile id="1">
			<ObjectId>Fire Bolt</ObjectId>
			<Damage>65</Damage>
			<Speed>60</Speed>
			<LifetimeMS>2400</LifetimeMS>
		</Projectile>
	</Object>
	<Object type="0x6c2" id="Phoenix Egg">
		<Enemy />
		<Class>Character</Class>
		<Texture>
			<File>lofiChar28x8</File>
			<Index>0x54</Index>
		</Texture>
		<Size>130</Size>
		<MaxHitPoints>5000</MaxHitPoints>
		<Defense>0</Defense>
		<XpMult>0</XpMult>
	</Object>
	<Object type="0x67d" id="Cyclops God">
		<Group>Heros</Group>
		<Enemy />
		<Class>Character</Class>
		<Texture>
			<File>lofiChar16x16</File>
			<Index>0x42</Index>
		</Texture>
		<HitSound>monster/cyclops_hit</HitSound>
		<DeathSound>monster/cyclops_death</DeathSound>
		<Size>120</Size>
		<MaxHitPoints>4500</MaxHitPoints>
		<Defense>8</Defense>
		<Hero />
		<Quest />
		<God />
		<Level>16</Level>
		<XpMult>1</XpMult>
		<Projectile id="0">
			<ObjectId>Beam</ObjectId>
			<Damage>8</Damage>
			<Speed>20</Speed>
			<Size>90</Size>
			<LifetimeMS>300</LifetimeMS>
		</Projectile>
		<Projectile id="1">
			<ObjectId>Beam</ObjectId>
			<Damage>15</Damage>
			<Speed>40</Speed>
			<Size>150</Size>
			<LifetimeMS>600</LifetimeMS>
		</Projectile>
		<Projectile id="2">
			<ObjectId>Beam</ObjectId>
			<Damage>33</Damage>
			<Speed>60</Speed>
			<Size>210</Size>
			<LifetimeMS>900</LifetimeMS>
		</Projectile>
		<Projectile id="3">
			<ObjectId>Beam</ObjectId>
			<Damage>56</Damage>
			<Speed>80</Speed>
			<Size>270</Size>
			<LifetimeMS>1200</LifetimeMS>
		</Projectile>
		<Projectile id="10">
			<ObjectId>Blade</ObjectId>
			<Damage>70</Damage>
			<Speed>65</Speed>
			<LifetimeMS>2100</LifetimeMS>
			<Size>140</Size>
		</Projectile>
	</Object>
	<Object type="0x67e" id="Cyclops">
		<Group>Cyclopes</Group>
		<Enemy />
		<Class>Character</Class>
		<AnimatedTexture>
			<File>chars8x8rHero2</File>
			<Index>0x04</Index>
		</AnimatedTexture>
		<HitSound>monster/cyclops_hit</HitSound>
		<DeathSound>monster/cyclops_death</DeathSound>
		<Size>120</Size>
		<MaxHitPoints>150</MaxHitPoints>
		<Defense>10</Defense>
		<XpMult>0.1</XpMult>
		<Projectile id="0">
			<ObjectId>Blade</ObjectId>
			<Damage>40</Damage>
			<Speed>120</Speed>
			<LifetimeMS>400</LifetimeMS>
		</Projectile>
	</Object>
	<Object type="0x67f" id="Cyclops Warrior">
		<Group>Cyclopes</Group>
		<Enemy />
		<Class>Character</Class>
		<AnimatedTexture>
			<File>chars8x8rHero2</File>
			<Index>0x05</Index>
		</AnimatedTexture>
		<HitSound>monster/cyclops_hit</HitSound>
		<DeathSound>monster/cyclops_death</DeathSound>
		<Size>120</Size>
		<MaxHitPoints>300</MaxHitPoints>
		<Defense>20</Defense>
		<XpMult>0.1</XpMult>
		<Projectile id="0">
			<ObjectId>Blade</ObjectId>
			<Damage>50</Damage>
			<Speed>120</Speed>
			<LifetimeMS>400</LifetimeMS>
		</Projectile>
	</Object>
	<Object type="0x680" id="Cyclops Noble">
		<Group>Cyclopes</Group>
		<Enemy />
		<Class>Character</Class>
		<AnimatedTexture>
			<File>chars8x8rHero2</File>
			<Index>0x06</Index>
		</AnimatedTexture>
		<HitSound>monster/cyclops_hit</HitSound>
		<DeathSound>monster/cyclops_death</DeathSound>
		<Size>120</Size>
		<MaxHitPoints>310</MaxHitPoints>
		<Defense>10</Defense>
		<XpMult>0.1</XpMult>
		<Projectile id="0">
			<ObjectId>Blade</ObjectId>
			<Damage>55</Damage>
			<Speed>120</Speed>
			<LifetimeMS>400</LifetimeMS>
		</Projectile>
	</Object>
	<Object type="0x681" id="Cyclops Prince">
		<Group>Cyclopes</Group>
		<Enemy />
		<Class>Character</Class>
		<AnimatedTexture>
			<File>chars8x8rHero2</File>
			<Index>0x07</Index>
		</AnimatedTexture>
		<HitSound>monster/cyclops_hit</HitSound>
		<DeathSound>monster/cyclops_death</DeathSound>
		<Size>120</Size>
		<MaxHitPoints>320</MaxHitPoints>
		<Defense>20</Defense>
		<XpMult>0.1</XpMult>
		<Projectile id="0">
			<ObjectId>Blade</ObjectId>
			<Damage>55</Damage>
			<Speed>120</Speed>
			<LifetimeMS>400</LifetimeMS>
		</Projectile>
	</Object>
	<Object type="0x682" id="Cyclops King">
		<Group>Cyclopes</Group>
		<Enemy />
		<Class>Character</Class>
		<AnimatedTexture>
			<File>chars8x8rHero2</File>
			<Index>0x08</Index>
		</AnimatedTexture>
		<HitSound>monster/cyclops_hit</HitSound>
		<DeathSound>monster/cyclops_death</DeathSound>
		<Size>120</Size>
		<MaxHitPoints>350</MaxHitPoints>
		<Defense>10</Defense>
		<XpMult>0.1</XpMult>
		<Projectile id="0">
			<ObjectId>Blade</ObjectId>
			<Damage>60</Damage>
			<Speed>120</Speed>
			<LifetimeMS>400</LifetimeMS>
		</Projectile>
	</Object>
	<Object type="0x0928" id="Ghost King">
		<Group>Heros</Group>
		<Enemy />
		<Class>Character</Class>
		<AnimatedTexture>
			<File>chars8x8rHero1</File>
			<Index>0x0a</Index>
		</AnimatedTexture>
		<HitSound>monster/ghosts_hit</HitSound>
		<DeathSound>monster/ghosts_death</DeathSound>
		<Size>95</Size>
		<MaxHitPoints>300000</MaxHitPoints>
		<Defense>7</Defense>
		<Hero />
		<Quest />
		<Level>15</Level>
		<Projectile id="0">
			<ObjectId>White Bullet</ObjectId>
			<Damage>50</Damage>
			<Speed>60</Speed>
			<LifetimeMS>800</LifetimeMS>
		</Projectile>
	</Object>
	<Object type="0x0929" id="Ghost Master">
		<Group>Ghosts</Group>
		<Enemy />
		<Class>Character</Class>
		<AnimatedTexture>
			<File>chars8x8rHero1</File>
			<Index>0x0b</Index>
		</AnimatedTexture>
		<HitSound>monster/ghosts_hit</HitSound>
		<DeathSound>monster/ghosts_death</DeathSound>
		<Size>100</Size>
		<MaxHitPoints>100000</MaxHitPoints>
		<Defense>2</Defense>
		<XpMult>0.01</XpMult>
		<Projectile id="0">
			<ObjectId>Blue Arrow</ObjectId>
			<Damage>30</Damage>
			<Speed>80</Speed>
			<Size>140</Size>
			<LifetimeMS>2000</LifetimeMS>
		</Projectile>
	</Object>
	<Object type="0x092d" id="Actual Ghost King">
		<DisplayId>Ghost King</DisplayId>
		<Group>Heros</Group>
		<Enemy />
		<Class>Character</Class>
		<AnimatedTexture>
			<File>chars8x8rHero1</File>
			<Index>0x0a</Index>
		</AnimatedTexture>
		<HitSound>monster/ghosts_hit</HitSound>
		<DeathSound>monster/ghosts_death</DeathSound>
		<Size>95</Size>
		<MaxHitPoints>5000</MaxHitPoints>
		<Defense>7</Defense>
		<Hero />
		<Quest />
		<Level>15</Level>
		<Projectile id="0">
			<ObjectId>White Bullet</ObjectId>
			<Damage>50</Damage>
			<Speed>60</Speed>
			<LifetimeMS>800</LifetimeMS>
		</Projectile>
	</Object>
	<Object type="0x092a" id="Small Ghost">
		<Group>Ghosts</Group>
		<Enemy />
		<Class>Character</Class>
		<AnimatedTexture>
			<File>chars8x8rHero1</File>
			<Index>0x0b</Index>
		</AnimatedTexture>
		<HitSound>monster/ghosts_hit</HitSound>
		<DeathSound>monster/ghosts_death</DeathSound>
		<Size>100</Size>
		<MaxHitPoints>1000</MaxHitPoints>
		<Defense>2</Defense>
		<Projectile id="0">
			<ObjectId>Blue Arrow</ObjectId>
			<Damage>30</Damage>
			<Speed>80</Speed>
			<Size>140</Size>
			<LifetimeMS>3000</LifetimeMS>
		</Projectile>
	</Object>
	<Object type="0x092b" id="Medium Ghost">
		<Group>Ghosts</Group>
		<Enemy />
		<Class>Character</Class>
		<AnimatedTexture>
			<File>chars8x8rHero1</File>
			<Index>0x0b</Index>
		</AnimatedTexture>
		<HitSound>monster/ghosts_hit</HitSound>
		<DeathSound>monster/ghosts_death</DeathSound>
		<MaxHitPoints>4000</MaxHitPoints>
		<Defense>7</Defense>
		<Projectile id="0">
			<ObjectId>Blue Arrow</ObjectId>
			<Damage>40</Damage>
			<Speed>80</Speed>
			<LifetimeMS>3000</LifetimeMS>
			<Size>140</Size>
			<MultiHit />
		</Projectile>
	</Object>
	<Object type="0x092c" id="Large Ghost">
		<Group>Ghosts</Group>
		<Enemy />
		<Class>Character</Class>
		<AnimatedTexture>
			<File>chars8x8rHero1</File>
			<Index>0x0b</Index>
		</AnimatedTexture>
		<HitSound>monster/ghosts_hit</HitSound>
		<DeathSound>monster/ghosts_death</DeathSound>
		<Size>180</Size>
		<MaxHitPoints>8000</MaxHitPoints>
		<Defense>20</Defense>
		<Projectile id="0">
			<ObjectId>Blue Arrow</ObjectId>
			<Damage>50</Damage>
			<Speed>80</Speed>
			<LifetimeMS>3000</LifetimeMS>
			<Size>140</Size>
			<MultiHit />
		</Projectile>
	</Object>
	<Object type="0x662" id="Ghost Archer">
		<Group>Ghosts</Group>
		<Enemy />
		<Class>Character</Class>
		<AnimatedTexture>
			<File>chars8x8rHero1</File>
			<Index>0x0b</Index>
		</AnimatedTexture>
		<HitSound>monster/ghosts_hit</HitSound>
		<DeathSound>monster/ghosts_death</DeathSound>
		<Size>100</Size>
		<MaxHitPoints>130</MaxHitPoints>
		<Defense>2</Defense>
		<XpMult>0.1</XpMult>
		<Projectile id="0">
			<ObjectId>Blue Arrow</ObjectId>
			<Damage>30</Damage>
			<Speed>50</Speed>
			<LifetimeMS>3000</LifetimeMS>
		</Projectile>
	</Object>
	<Object type="0x663" id="Ghost Warrior">
		<Group>Ghosts</Group>
		<Enemy />
		<Class>Character</Class>
		<AnimatedTexture>
			<File>chars8x8rHero1</File>
			<Index>0x0c</Index>
		</AnimatedTexture>
		<HitSound>monster/ghosts_hit</HitSound>
		<DeathSound>monster/ghosts_death</DeathSound>
		<Size>100</Size>
		<MaxHitPoints>150</MaxHitPoints>
		<Defense>4</Defense>
		<XpMult>0.1</XpMult>
		<Projectile id="0">
			<ObjectId>Blade</ObjectId>
			<Damage>35</Damage>
			<Speed>120</Speed>
			<LifetimeMS>400</LifetimeMS>
		</Projectile>
	</Object>
	<Object type="0x664" id="Ghost Mage">
		<Group>Ghosts</Group>
		<Enemy />
		<Class>Character</Class>
		<AnimatedTexture>
			<File>chars8x8rHero1</File>
			<Index>0x0d</Index>
		</AnimatedTexture>
		<HitSound>monster/ghosts_hit</HitSound>
		<DeathSound>monster/ghosts_death</DeathSound>
		<Size>100</Size>
		<MaxHitPoints>130</MaxHitPoints>
		<Defense>0</Defense>
		<XpMult>0.1</XpMult>
		<Projectile id="0">
			<ObjectId>Blue Bolt</ObjectId>
			<Damage>40</Damage>
			<Speed>50</Speed>
			<LifetimeMS>3000</LifetimeMS>
		</Projectile>
	</Object>
	<Object type="0x665" id="Ghost Rogue">
		<Group>Ghosts</Group>
		<Enemy />
		<Class>Character</Class>
		<AnimatedTexture>
			<File>chars8x8rHero1</File>
			<Index>0x0e</Index>
		</AnimatedTexture>
		<HitSound>monster/ghosts_hit</HitSound>
		<DeathSound>monster/ghosts_death</DeathSound>
		<Size>100</Size>
		<MaxHitPoints>130</MaxHitPoints>
		<Defense>2</Defense>
		<XpMult>0.1</XpMult>
		<Projectile id="0">
			<ObjectId>Blade</ObjectId>
			<Damage>30</Damage>
			<Speed>120</Speed>
			<LifetimeMS>400</LifetimeMS>
		</Projectile>
	</Object>
	<Object type="0x666" id="Ghost Paladin">
		<Group>Ghosts</Group>
		<Enemy />
		<Class>Character</Class>
		<AnimatedTexture>
			<File>chars8x8rHero1</File>
			<Index>0x0f</Index>
		</AnimatedTexture>
		<HitSound>monster/ghosts_hit</HitSound>
		<DeathSound>monster/ghosts_death</DeathSound>
		<Size>100</Size>
		<MaxHitPoints>160</MaxHitPoints>
		<Defense>6</Defense>
		<XpMult>0.1</XpMult>
		<Projectile id="0">
			<ObjectId>Blade</ObjectId>
			<Damage>40</Damage>
			<Speed>120</Speed>
			<LifetimeMS>400</LifetimeMS>
		</Projectile>
	</Object>
	<Object type="0x667" id="Ghost Knight">
		<Group>Ghosts</Group>
		<Enemy />
		<Class>Character</Class>
		<AnimatedTexture>
			<File>chars8x8rHero1</File>
			<Index>0x10</Index>
		</AnimatedTexture>
		<HitSound>monster/ghosts_hit</HitSound>
		<DeathSound>monster/ghosts_death</DeathSound>
		<Size>100</Size>
		<MaxHitPoints>180</MaxHitPoints>
		<Defense>8</Defense>
		<XpMult>0.1</XpMult>
		<Projectile id="0">
			<ObjectId>Blade</ObjectId>
			<Damage>50</Damage>
			<Speed>120</Speed>
			<LifetimeMS>400</LifetimeMS>
		</Projectile>
	</Object>
	<Object type="0x678" id="Oasis Giant">
		<Group>Heros</Group>
		<Enemy />
		<Class>Character</Class>
		<Texture>
			<File>lofiChar216x16</File>
			<Index>0x2b</Index>
		</Texture>
		<Size>100</Size>
		<MaxHitPoints>650</MaxHitPoints>
		<Defense>15</Defense>
		<Hero />
		<Quest />
		<Level>13</Level>
		<XpMult>5</XpMult>
		<Projectile id="0">
			<ObjectId>Green Bolt</ObjectId>
			<Damage>70</Damage>
			<Speed>60</Speed>
			<LifetimeMS>2400</LifetimeMS>
		</Projectile>
	</Object>
	<Object type="0x679" id="Oasis Ruler">
		<Group>Oasis</Group>
		<Enemy />
		<Class>Character</Class>
		<AnimatedTexture>
			<File>chars8x8rHero2</File>
			<Index>0x00</Index>
		</AnimatedTexture>
		<Size>110</Size>
		<MaxHitPoints>200</MaxHitPoints>
		<Defense>10</Defense>
		<XpMult>0.1</XpMult>
		<Projectile id="0">
			<ObjectId>Orange Missile</ObjectId>
			<Damage>55</Damage>
			<Speed>50</Speed>
			<LifetimeMS>2000</LifetimeMS>
			<Size>120</Size>
		</Projectile>
	</Object>
	<Object type="0x67a" id="Oasis Soldier">
		<Group>Oasis</Group>
		<Enemy />
		<Class>Character</Class>
		<AnimatedTexture>
			<File>chars8x8rHero2</File>
			<Index>0x01</Index>
		</AnimatedTexture>
		<Size>100</Size>
		<MaxHitPoints>180</MaxHitPoints>
		<Defense>10</Defense>
		<XpMult>0.1</XpMult>
		<Projectile id="0">
			<ObjectId>Pink Bolt</ObjectId>
			<Damage>30</Damage>
			<Speed>70</Speed>
			<LifetimeMS>1800</LifetimeMS>
		</Projectile>
	</Object>
	<Object type="0x67b" id="Oasis Creature">
		<Group>Oasis</Group>
		<Enemy />
		<Class>Character</Class>
		<AnimatedTexture>
			<File>chars8x8rHero2</File>
			<Index>0x02</Index>
		</AnimatedTexture>
		<Size>90</Size>
		<MaxHitPoints>160</MaxHitPoints>
		<Defense>10</Defense>
		<XpMult>0.1</XpMult>
		<Projectile id="0">
			<ObjectId>Purple Bolt</ObjectId>
			<Damage>25</Damage>
			<Speed>50</Speed>
			<LifetimeMS>1400</LifetimeMS>
		</Projectile>
	</Object>
	<Object type="0x67c" id="Oasis Monster">
		<Group>Oasis</Group>
		<Enemy />
		<Class>Character</Class>
		<AnimatedTexture>
			<File>chars8x8rHero2</File>
			<Index>0x03</Index>
		</AnimatedTexture>
		<Size>80</Size>
		<MaxHitPoints>140</MaxHitPoints>
		<Defense>10</Defense>
		<XpMult>0.1</XpMult>
		<Projectile id="0">
			<ObjectId>Cyan Magic</ObjectId>
			<Damage>20</Damage>
			<Speed>100</Speed>
			<LifetimeMS>600</LifetimeMS>
		</Projectile>
	</Object>
	<Object type="0x091f" id="Ent Ancient">
		<Group>Heros</Group>
		<Enemy />
		<Class>Character</Class>
		<AnimatedTexture>
			<File>chars8x8dHero1</File>
			<Index>0</Index>
		</AnimatedTexture>
		<HitSound>monster/ents_hit</HitSound>
		<DeathSound>monster/ents_death</DeathSound>
		<Size>140</Size>
		<MaxHitPoints>300000</MaxHitPoints>
		<Defense>7</Defense>
		<Hero />
		<Quest />
		<Level>11</Level>
		<XpMult>0.0</XpMult>
		<Projectile id="0">
			<ObjectId>Bark Bolt</ObjectId>
			<Damage>35</Damage>
			<Speed>60</Speed>
			<LifetimeMS>2000</LifetimeMS>
			<Size>40</Size>
		</Projectile>
	</Object>
	<Object type="0x0920" id="Actual Ent Ancient">
		<DisplayId>Ent Ancient</DisplayId>
		<Group>Heros</Group>
		<Enemy />
		<Class>Character</Class>
		<AnimatedTexture>
			<File>chars8x8dHero1</File>
			<Index>0</Index>
		</AnimatedTexture>
		<HitSound>monster/ents_hit</HitSound>
		<DeathSound>monster/ents_death</DeathSound>
		<Size>140</Size>
		<MaxHitPoints>1200</MaxHitPoints>
		<Defense>15</Defense>
		<Hero />
		<Quest />
		<Level>11</Level>
		<XpMult>3.2</XpMult>
		<Projectile id="0">
			<ObjectId>Bark Bolt</ObjectId>
			<Damage>20</Damage>
			<Speed>70</Speed>
			<LifetimeMS>2000</LifetimeMS>
			<Size>40</Size>
		</Projectile>
		<Projectile id="1">
			<ObjectId>Bark Bolt</ObjectId>
			<Damage>30</Damage>
			<Speed>65</Speed>
			<LifetimeMS>2000</LifetimeMS>
			<Size>50</Size>
		</Projectile>
		<Projectile id="2">
			<ObjectId>Bark Bolt</ObjectId>
			<Damage>40</Damage>
			<Speed>60</Speed>
			<LifetimeMS>2200</LifetimeMS>
			<Size>60</Size>
		</Projectile>
		<Projectile id="3">
			<ObjectId>Bark Bolt</ObjectId>
			<Damage>50</Damage>
			<Speed>55</Speed>
			<LifetimeMS>2400</LifetimeMS>
			<Size>70</Size>
		</Projectile>
		<Projectile id="4">
			<ObjectId>Bark Bolt</ObjectId>
			<Damage>60</Damage>
			<Speed>50</Speed>
			<LifetimeMS>2600</LifetimeMS>
			<Size>80</Size>
		</Projectile>
		<Projectile id="5">
			<ObjectId>Bark Bolt</ObjectId>
			<Damage>70</Damage>
			<Speed>45</Speed>
			<LifetimeMS>2600</LifetimeMS>
			<Size>90</Size>
		</Projectile>
		<Projectile id="6">
			<ObjectId>Bark Bolt</ObjectId>
			<Damage>80</Damage>
			<Speed>40</Speed>
			<LifetimeMS>2800</LifetimeMS>
			<Size>100</Size>
		</Projectile>
		<Projectile id="7">
			<ObjectId>Bark Bolt</ObjectId>
			<Damage>90</Damage>
			<Speed>40</Speed>
			<LifetimeMS>2800</LifetimeMS>
			<Size>110</Size>
		</Projectile>
		<Projectile id="8">
			<ObjectId>Bark Bolt</ObjectId>
			<Damage>100</Damage>
			<Speed>35</Speed>
			<LifetimeMS>3000</LifetimeMS>
			<Size>120</Size>
		</Projectile>
		<Projectile id="9">
			<ObjectId>Bark Bolt</ObjectId>
			<Damage>110</Damage>
			<Speed>35</Speed>
			<LifetimeMS>3000</LifetimeMS>
			<Size>130</Size>
		</Projectile>
	</Object>
	<Object type="0x0921" id="Ent">
		<Group>Ents</Group>
		<Enemy />
		<Class>Character</Class>
		<AnimatedTexture>
			<File>chars8x8dHero1</File>
			<Index>2</Index>
		</AnimatedTexture>
		<HitSound>monster/ents_hit</HitSound>
		<DeathSound>monster/ents_death</DeathSound>
		<Size>120</Size>
		<MaxHitPoints>4500</MaxHitPoints>
		<Defense>11</Defense>
		<XpMult>0.15</XpMult>
		<Projectile id="0">
			<ObjectId>Leaf Bolt</ObjectId>
			<Damage>70</Damage>
			<Speed>65</Speed>
			<LifetimeMS>1300</LifetimeMS>
			<Size>70</Size>
		</Projectile>
	</Object>
	<Object type="0x0922" id="Ent Sapling">
		<Group>Ents</Group>
		<Enemy />
		<Class>Character</Class>
		<AnimatedTexture>
			<File>chars8x8dHero1</File>
			<Index>1</Index>
		</AnimatedTexture>
		<HitSound>monster/ents_hit</HitSound>
		<DeathSound>monster/ents_death</DeathSound>
		<Size>90</Size>
		<MaxHitPoints>200</MaxHitPoints>
		<Defense>3</Defense>
		<XpMult>0.1</XpMult>
		<Projectile id="0">
			<ObjectId>Leaf Bolt</ObjectId>
			<Damage>20</Damage>
			<Speed>70</Speed>
			<LifetimeMS>1400</LifetimeMS>
			<Size>40</Size>
		</Projectile>
	</Object>
	<Object type="0x0923" id="Greater Nature Sprite">
		<Group>Greater Nature Sprites</Group>
		<Enemy />
		<Class>Character</Class>
		<Texture>
			<File>lofiChar28x8</File>
			<Index>0x30</Index>
		</Texture>
		<HitSound>monster/sprites_hit</HitSound>
		<DeathSound>monster/sprites_death</DeathSound>
		<Size>140</Size>
		<MaxHitPoints>3600</MaxHitPoints>
		<Defense>7</Defense>
		<Flying />
		<XpMult>0.0</XpMult>
		<Projectile id="0">
			<ObjectId>Green Bolt</ObjectId>
			<Damage>45</Damage>
			<Speed>80</Speed>
			<LifetimeMS>1700</LifetimeMS>
			<Size>70</Size>
			<PassesCover />
		</Projectile>
	</Object>
	<Object type="0x0924" id="Actual Greater Nature Sprite">
		<DisplayId>Greater Nature Sprite</DisplayId>
		<Group>Greater Nature Sprites</Group>
		<Enemy />
		<Class>Character</Class>
		<Texture>
			<File>lofiChar28x8</File>
			<Index>0x30</Index>
		</Texture>
		<HitSound>monster/sprites_hit</HitSound>
		<DeathSound>monster/sprites_death</DeathSound>
		<Size>140</Size>
		<MaxHitPoints>3600</MaxHitPoints>
		<Defense>7</Defense>
		<Flying />
		<XpMult>0.4</XpMult>
		<Projectile id="0">
			<ObjectId>Green Bolt</ObjectId>
			<Damage>55</Damage>
			<Speed>80</Speed>
			<LifetimeMS>1700</LifetimeMS>
			<Size>70</Size>
			<PassesCover />
		</Projectile>
	</Object>
	<Object type="0x091b" id="Lich">
		<Group>Heros</Group>
		<Enemy />
		<Class>Character</Class>
		<AnimatedTexture>
			<File>chars8x8rHero1</File>
			<Index>0x06</Index>
		</AnimatedTexture>
		<HitSound>monster/skeletons_hit</HitSound>
		<DeathSound>monster/skeletons_death</DeathSound>
		<Size>120</Size>
		<MaxHitPoints>300000</MaxHitPoints>
		<Defense>7</Defense>
		<Hero />
		<Quest />
		<Level>9</Level>
		<XpMult>0.0</XpMult>
		<Projectile id="0">
			<ObjectId>Blue Magic</ObjectId>
			<Damage>25</Damage>
			<Speed>80</Speed>
			<LifetimeMS>2200</LifetimeMS>
			<Size>60</Size>
			<MultiHit />
		</Projectile>
		<Projectile id="1">
			<ObjectId>Blue Magic</ObjectId>
			<Damage>60</Damage>
			<Speed>60</Speed>
			<LifetimeMS>2000</LifetimeMS>
			<Size>110</Size>
			<MultiHit />
		</Projectile>
	</Object>
	<Object type="0x091c" id="Actual Lich">
		<DisplayId>Lich</DisplayId>
		<Group>Heros</Group>
		<Enemy />
		<Class>Character</Class>
		<AnimatedTexture>
			<File>chars8x8rHero1</File>
			<Index>0x06</Index>
		</AnimatedTexture>
		<HitSound>monster/skeletons_hit</HitSound>
		<DeathSound>monster/skeletons_death</DeathSound>
		<Size>120</Size>
		<MaxHitPoints>1100</MaxHitPoints>
		<Defense>7</Defense>
		<Hero />
		<Quest />
		<Level>9</Level>
		<XpMult>1.5</XpMult>
		<Projectile id="0">
			<ObjectId>Blue Magic</ObjectId>
			<Damage>25</Damage>
			<Speed>80</Speed>
			<LifetimeMS>2200</LifetimeMS>
			<Size>60</Size>
			<MultiHit />
		</Projectile>
		<Projectile id="1">
			<ObjectId>Blue Magic</ObjectId>
			<Damage>60</Damage>
			<Speed>60</Speed>
			<LifetimeMS>2000</LifetimeMS>
			<Size>110</Size>
			<MultiHit />
		</Projectile>
	</Object>
	<Object type="0x091d" id="Phylactery Bearer">
		<Group>Ghosts</Group>
		<Enemy />
		<Class>Character</Class>
		<AnimatedTexture>
			<File>chars16x16dEncounters</File>
			<Index>3</Index>
		</AnimatedTexture>
		<HitSound>monster/ghosts_hit</HitSound>
		<DeathSound>monster/ghosts_death</DeathSound>
		<Size>80</Size>
		<MaxHitPoints>6000</MaxHitPoints>
		<Defense>4</Defense>
		<XpMult>0.3</XpMult>
		<Projectile id="0">
			<ObjectId>Sparkling Bolt</ObjectId>
			<Damage>35</Damage>
			<Speed>60</Speed>
			<Size>50</Size>
			<LifetimeMS>2000</LifetimeMS>
		</Projectile>
		<Projectile id="1">
			<ObjectId>Grey Boomerang</ObjectId>
			<Damage>60</Damage>
			<Speed>70</Speed>
			<Size>80</Size>
			<LifetimeMS>2000</LifetimeMS>
		</Projectile>
	</Object>
	<Object type="0x091e" id="Haunted Spirit">
		<Group>Ghosts</Group>
		<Enemy />
		<Class>Character</Class>
		<AnimatedTexture>
			<File>chars8x8dEncounters</File>
			<Index>2</Index>
		</AnimatedTexture>
		<HitSound>monster/ghosts_hit</HitSound>
		<DeathSound>monster/ghosts_death</DeathSound>
		<Size>100</Size>
		<MaxHitPoints>4000</MaxHitPoints>
		<Defense>18</Defense>
		<XpMult>0.3</XpMult>
		<Projectile id="0">
			<ObjectId>Eldritch Zap</ObjectId>
			<Damage>90</Damage>
			<Speed>70</Speed>
			<Size>90</Size>
			<LifetimeMS>1500</LifetimeMS>
		</Projectile>
	</Object>
	<Object type="0x65f" id="Mummy">
		<Group>Mummies</Group>
		<Enemy />
		<Class>Character</Class>
		<AnimatedTexture>
			<File>chars8x8rHero1</File>
			<Index>0x07</Index>
		</AnimatedTexture>
		<HitSound>monster/mummies_hit</HitSound>
		<DeathSound>monster/mummies_death</DeathSound>
		<Size>100</Size>
		<MaxHitPoints>140</MaxHitPoints>
		<Defense>0</Defense>
		<XpMult>0.1</XpMult>
		<Projectile id="0">
			<ObjectId>Green Magic</ObjectId>
			<Damage>30</Damage>
			<Speed>70</Speed>
			<LifetimeMS>3000</LifetimeMS>
		</Projectile>
	</Object>
	<Object type="0x660" id="Mummy King">
		<Group>Mummies</Group>
		<Enemy />
		<Class>Character</Class>
		<AnimatedTexture>
			<File>chars8x8rHero1</File>
			<Index>0x08</Index>
		</AnimatedTexture>
		<HitSound>monster/mummies_hit</HitSound>
		<DeathSound>monster/mummies_death</DeathSound>
		<Size>100</Size>
		<MaxHitPoints>140</MaxHitPoints>
		<Defense>0</Defense>
		<XpMult>0.1</XpMult>
		<Projectile id="0">
			<ObjectId>Green Magic</ObjectId>
			<Damage>40</Damage>
			<Speed>100</Speed>
			<LifetimeMS>2000</LifetimeMS>
		</Projectile>
	</Object>
	<Object type="0x661" id="Mummy Pharaoh">
		<Group>Mummies</Group>
		<Enemy />
		<Class>Character</Class>
		<AnimatedTexture>
			<File>chars8x8rHero1</File>
			<Index>0x09</Index>
		</AnimatedTexture>
		<HitSound>monster/mummies_hit</HitSound>
		<DeathSound>monster/mummies_death</DeathSound>
		<Size>100</Size>
		<MaxHitPoints>140</MaxHitPoints>
		<Defense>0</Defense>
		<XpMult>0.1</XpMult>
		<Projectile id="0">
			<ObjectId>Green Magic</ObjectId>
			<Damage>40</Damage>
			<Speed>70</Speed>
			<LifetimeMS>3000</LifetimeMS>
		</Projectile>
	</Object>
	<Object type="0x6db" id="Kage Kami">
		<Enemy />
		<NoMiniMap />
		<Class>Character</Class>
		<Group>Heros</Group>
		<Level>18</Level>
		<RandomTexture>
			<Texture>
				<File>lofiObj2</File>
				<Index>0x3a</Index>
			</Texture>
			<Texture>
				<File>lofiObj2</File>
				<Index>0x4b</Index>
			</Texture>
			<Texture>
				<File>lofiObj2</File>
				<Index>0x4c</Index>
			</Texture>
		</RandomTexture>
		<Portrait>
			<AnimatedTexture>
				<File>chars16x16rEncounters</File>
				<Index>17</Index>
			</AnimatedTexture>
		</Portrait>
		<AltTexture id="1">
			<AnimatedTexture>
				<File>chars16x16rEncounters</File>
				<Index>17</Index>
			</AnimatedTexture>
			<Effect particle="SwirlingMist" cooldown="0.1">XMLEffect</Effect>
		</AltTexture>
		<AltTexture id="2">
			<AnimatedTexture>
				<File>chars16x16rEncounters</File>
				<Index>18</Index>
			</AnimatedTexture>
		</AltTexture>
		<HitSound>monster/medusa_hit</HitSound>
		<DeathSound>monster/undead_dwarves_hit</DeathSound>
		<MaxHitPoints>3000</MaxHitPoints>
		<Defense>63</Defense>
		<XpMult>1.4</XpMult>
		<Size>120</Size>
		<DontFaceAttacks />
		<Projectile id="0">
			<ObjectId>Specter Spinner</ObjectId>
			<Damage>50</Damage>
			<Speed>55</Speed>
			<Size>80</Size>
			<LifetimeMS>2000</LifetimeMS>
			<ConditionEffect duration="4">Sick</ConditionEffect>
			<ConditionEffect duration="1">Confused</ConditionEffect>
		</Projectile>
		<Projectile id="1">
			<ObjectId>Specter Shot</ObjectId>
			<Damage>75</Damage>
			<Speed>35</Speed>
			<Size>90</Size>
			<LifetimeMS>2600</LifetimeMS>
			<ConditionEffect duration="0.4">Paralyzed</ConditionEffect>
		</Projectile>
	</Object>
	<Object type="0x6da" id="Specter Mine">
		<Class>Character</Class>
		<Enemy />
		<Texture>
			<File>lofiObj2</File>
			<Index>0x2a</Index>
		</Texture>
		<Animation prob="1" period="0">
			<Frame time="0.2">
				<Texture>
					<File>lofiObj2</File>
					<Index>0x2a</Index>
				</Texture>
			</Frame>
			<Frame time="0.2">
				<Texture>
					<File>lofiObj2</File>
					<Index>0x38</Index>
				</Texture>
			</Frame>
			<Frame time="0.2">
				<Texture>
					<File>lofiObj2</File>
					<Index>0x39</Index>
				</Texture>
			</Frame>
		</Animation>
		<MaxHitPoints>200</MaxHitPoints>
		<Defense>150</Defense>
		<XpMult>0.1</XpMult>
		<Size>100</Size>
		<ShadowSize>80</ShadowSize>
		<Projectile id="0">
			<ObjectId>Specter Spike</ObjectId>
			<Damage>55</Damage>
			<Speed>60</Speed>
			<Size>100</Size>
			<LifetimeMS>1200</LifetimeMS>
			<MultiHit />
			<ConditionEffect duration="4">Sick</ConditionEffect>
		</Projectile>
	</Object>
	<Object type="0x0dc2" id="Great Coil Snake">
		<Class>Character</Class>
		<Enemy />
		<Group>Heros</Group>
		<Size>100</Size>
		<ShadowSize>90</ShadowSize>
		<MaxHitPoints>900</MaxHitPoints>
		<Defense>15</Defense>
		<Quest />
		<Level>8</Level>
		<XpMult>3.0</XpMult>
		<HitSound>monster/wooden_walls_hit</HitSound>
		<DeathSound>monster/stone_walls_death</DeathSound>
		<AnimatedTexture>
			<File>chars16x16rEncounters</File>
			<Index>15</Index>
		</AnimatedTexture>
		<Projectile id="0">
			<ObjectId>Snake Shot</ObjectId>
			<Damage>50</Damage>
			<Speed>65</Speed>
			<Size>100</Size>
			<LifetimeMS>16000</LifetimeMS>
		</Projectile>
		<Projectile id="1">
			<ObjectId>Ghost Shot</ObjectId>
			<Damage>40</Damage>
			<Speed>45</Speed>
			<Size>90</Size>
			<LifetimeMS>1000</LifetimeMS>
		</Projectile>
	</Object>
	<Object type="0x0dc0" id="Great Temple Snake">
		<Class>Character</Class>
		<Enemy />
		<Size>100</Size>
		<ShadowSize>90</ShadowSize>
		<MaxHitPoints>50</MaxHitPoints>
		<Defense>20</Defense>
		<XpMult>0.1</XpMult>
		<HitSound>monster/wooden_walls_hit</HitSound>
		<DeathSound>monster/stone_walls_death</DeathSound>
		<AnimatedTexture>
			<File>chars8x8rEncounters</File>
			<Index>20</Index>
		</AnimatedTexture>
		<Projectile id="0">
			<ObjectId>Snake Shot Yellow</ObjectId>
			<Damage>20</Damage>
			<Speed>55</Speed>
			<Size>60</Size>
			<LifetimeMS>800</LifetimeMS>
		</Projectile>
		<Projectile id="1">
			<ObjectId>Snake Shot Yellow</ObjectId>
			<Damage>15</Damage>
			<Speed>45</Speed>
			<Size>60</Size>
			<LifetimeMS>800</LifetimeMS>
		</Projectile>
	</Object>
	<Object type="0x0dc1" id="Great Snake Egg">
		<Class>Character</Class>
		<Enemy />
		<Size>100</Size>
		<ShadowSize>90</ShadowSize>
		<MaxHitPoints>50</MaxHitPoints>
		<Defense>20</Defense>
		<XpMult>0.0</XpMult>
		<HitSound>monster/wooden_walls_hit</HitSound>
		<DeathSound>monster/stone_walls_death</DeathSound>
		<Texture>
			<File>lofiEnvironment3</File>
			<Index>0x8a</Index>
		</Texture>
		<Animation prob="1.0" period="0.0">
			<Frame time="0.4">
				<Texture>
					<File>lofiEnvironment3</File>
					<Index>0x2f</Index>
				</Texture>
			</Frame>
			<Frame time="0.2">
				<Texture>
					<File>lofiEnvironment3</File>
					<Index>0x36</Index>
				</Texture>
			</Frame>
			<Frame time="0.2">
				<Texture>
					<File>lofiEnvironment3</File>
					<Index>0x37</Index>
				</Texture>
			</Frame>
			<Frame time="0.2">
				<Texture>
					<File>lofiEnvironment3</File>
					<Index>0x36</Index>
				</Texture>
			</Frame>
		</Animation>
	</Object>
	<Object type="0x0925" id="Deathmage">
		<Group>Heros</Group>
		<Enemy />
		<Class>Character</Class>
		<AnimatedTexture>
			<File>chars8x8rHero1</File>
			<Index>0x00</Index>
		</AnimatedTexture>
		<HitSound>monster/skeletons_hit</HitSound>
		<DeathSound>monster/skeletons_death</DeathSound>
		<Size>100</Size>
		<MaxHitPoints>900</MaxHitPoints>
		<Defense>11</Defense>
		<Quest />
		<Level>7</Level>
		<XpMult>3.0</XpMult>
		<Projectile id="0">
			<ObjectId>Blue Magic</ObjectId>
			<Damage>25</Damage>
			<Speed>80</Speed>
			<LifetimeMS>3000</LifetimeMS>
			<Size>120</Size>
			<MultiHit />
		</Projectile>
	</Object>
	<Object type="0x65a" id="Skeleton">
		<Group>Skeletons</Group>
		<Enemy />
		<Class>Character</Class>
		<AnimatedTexture>
			<File>chars8x8rHero1</File>
			<Index>0x01</Index>
		</AnimatedTexture>
		<HitSound>monster/skeletons_hit</HitSound>
		<DeathSound>monster/skeletons_death</DeathSound>
		<Size>100</Size>
		<MaxHitPoints>50</MaxHitPoints>
		<Defense>0</Defense>
		<XpMult>0.1</XpMult>
		<Projectile id="0">
			<ObjectId>Blade</ObjectId>
			<Damage>10</Damage>
			<Speed>120</Speed>
			<LifetimeMS>400</LifetimeMS>
		</Projectile>
	</Object>
	<Object type="0x65b" id="Skeleton Swordsman">
		<Group>Skeletons</Group>
		<Enemy />
		<Class>Character</Class>
		<AnimatedTexture>
			<File>chars8x8rHero1</File>
			<Index>0x02</Index>
		</AnimatedTexture>
		<HitSound>monster/skeletons_hit</HitSound>
		<DeathSound>monster/skeletons_death</DeathSound>
		<Size>100</Size>
		<MaxHitPoints>55</MaxHitPoints>
		<Defense>2</Defense>
		<XpMult>0.1</XpMult>
		<Projectile id="0">
			<ObjectId>Blade</ObjectId>
			<Damage>15</Damage>
			<Speed>120</Speed>
			<LifetimeMS>400</LifetimeMS>
		</Projectile>
	</Object>
	<Object type="0x65c" id="Skeleton Veteran">
		<Group>Skeletons</Group>
		<Enemy />
		<Class>Character</Class>
		<AnimatedTexture>
			<File>chars8x8rHero1</File>
			<Index>0x03</Index>
		</AnimatedTexture>
		<HitSound>monster/skeletons_hit</HitSound>
		<DeathSound>monster/skeletons_death</DeathSound>
		<Size>100</Size>
		<MaxHitPoints>60</MaxHitPoints>
		<Defense>4</Defense>
		<XpMult>0.1</XpMult>
		<Projectile id="0">
			<ObjectId>Blade</ObjectId>
			<Damage>20</Damage>
			<Speed>120</Speed>
			<LifetimeMS>400</LifetimeMS>
		</Projectile>
	</Object>
	<Object type="0x65d" id="Skeleton Mage">
		<Group>Skeletons</Group>
		<Enemy />
		<Class>Character</Class>
		<AnimatedTexture>
			<File>chars8x8rHero1</File>
			<Index>0x04</Index>
		</AnimatedTexture>
		<HitSound>monster/skeletons_hit</HitSound>
		<DeathSound>monster/skeletons_death</DeathSound>
		<Size>100</Size>
		<MaxHitPoints>50</MaxHitPoints>
		<Defense>0</Defense>
		<XpMult>0.1</XpMult>
		<Projectile id="0">
			<ObjectId>Blue Magic</ObjectId>
			<Damage>20</Damage>
			<Speed>60</Speed>
			<LifetimeMS>3000</LifetimeMS>
		</Projectile>
	</Object>
	<Object type="0x65e" id="Skeleton King">
		<Group>Skeletons</Group>
		<Enemy />
		<Class>Character</Class>
		<AnimatedTexture>
			<File>chars8x8rHero1</File>
			<Index>0x05</Index>
		</AnimatedTexture>
		<HitSound>monster/skeletons_hit</HitSound>
		<DeathSound>monster/skeletons_death</DeathSound>
		<Size>100</Size>
		<MaxHitPoints>75</MaxHitPoints>
		<Defense>0</Defense>
		<XpMult>0.1</XpMult>
		<Projectile id="0">
			<ObjectId>Blue Bolt</ObjectId>
			<Damage>15</Damage>
			<Speed>70</Speed>
			<LifetimeMS>3000</LifetimeMS>
		</Projectile>
	</Object>
</Objects>
