<?xml version="1.0" encoding="UTF-8"?>
<Objects>
	<Object type="0x0001" id="Heavy Crossbow Bolt">
		<Class>Projectile</Class>
		<Texture>
			<File>lofiObj2</File>
			<Index>0x70</Index>
		</Texture>
	</Object>
	<Object type="0x0002" id="Red Fire">
		<Class>Projectile</Class>
		<Texture>
			<File>lofiObj</File>
			<Index>0xd6</Index>
		</Texture>
	</Object>
	<Object type="0x0003" id="Green Magic">
		<Class>Projectile</Class>
		<Texture>
			<File>lofiObj</File>
			<Index>0xde</Index>
		</Texture>
	</Object>
	<Object type="0x0004" id="Blue Magic">
		<Class>Projectile</Class>
		<Texture>
			<File>lofiObj</File>
			<Index>0xe6</Index>
		</Texture>
	</Object>
	<Object type="0x0005" id="Purple Magic">
		<Class>Projectile</Class>
		<Texture>
			<File>lofiObj</File>
			<Index>0xee</Index>
		</Texture>
	</Object>
	<Object type="0x0006" id="Blade">
		<Class>Projectile</Class>
		<Texture>
			<File>lofiObj</File>
			<Index>0xf6</Index>
		</Texture>
	</Object>
	<Object type="0x0007" id="Arrow">
		<Class>Projectile</Class>
		<Texture>
			<File>lofiObj</File>
			<Index>0xfe</Index>
		</Texture>
	</Object>
	<Object type="0x0008" id="Stick">
		<Class>Projectile</Class>
		<Texture>
			<File>lofiObj</File>
			<Index>0xfe</Index>
		</Texture>
	</Object>
	<Object type="0x0009" id="Green Arrow">
		<Class>Projectile</Class>
		<Texture>
			<File>lofiProjs</File>
			<Index>0x71</Index>
		</Texture>
		<AngleCorrection>1</AngleCorrection>
	</Object>
	<Object type="0x000a" id="Red Arrow">
		<Class>Projectile</Class>
		<Texture>
			<File>lofiProjs</File>
			<Index>0x72</Index>
		</Texture>
		<AngleCorrection>1</AngleCorrection>
	</Object>
	<Object type="0x000b" id="Blue Arrow">
		<Class>Projectile</Class>
		<Texture>
			<File>lofiProjs</File>
			<Index>0x73</Index>
		</Texture>
		<AngleCorrection>1</AngleCorrection>
	</Object>
	<Object type="0x000c" id="Gold Arrow">
		<Class>Projectile</Class>
		<Texture>
			<File>lofiProjs</File>
			<Index>0x74</Index>
		</Texture>
		<AngleCorrection>1</AngleCorrection>
	</Object>
	<Object type="0x000d" id="Crossbow Bolt">
		<Class>Projectile</Class>
		<Texture>
			<File>lofiObj</File>
			<Index>0x5c</Index>
		</Texture>
	</Object>
	<Object type="0x000e" id="White Bolt">
		<Class>Projectile</Class>
		<Texture>
			<File>lofiObj</File>
			<Index>0x8a</Index>
		</Texture>
		<AngleCorrection>1</AngleCorrection>
	</Object>
	<Object type="0x000f" id="Fire Bolt">
		<Class>Projectile</Class>
		<Texture>
			<File>lofiObj</File>
			<Index>0x9a</Index>
		</Texture>
		<AngleCorrection>1</AngleCorrection>
	</Object>
	<Object type="0x0010" id="Green Bolt">
		<Class>Projectile</Class>
		<Texture>
			<File>lofiObj</File>
			<Index>0xaa</Index>
		</Texture>
		<AngleCorrection>1</AngleCorrection>
	</Object>
	<Object type="0x0011" id="Blue Bolt">
		<Class>Projectile</Class>
		<Texture>
			<File>lofiObj</File>
			<Index>0xba</Index>
		</Texture>
		<AngleCorrection>1</AngleCorrection>
	</Object>
	<Object type="0x0012" id="Pink Bolt">
		<Class>Projectile</Class>
		<Texture>
			<File>lofiObj</File>
			<Index>0xca</Index>
		</Texture>
		<AngleCorrection>1</AngleCorrection>
	</Object>
	<Object type="0x0013" id="Darkness Bolt">
		<Class>Projectile</Class>
		<Texture>
			<File>lofiObj2</File>
			<Index>0x71</Index>
		</Texture>
		<AngleCorrection>1</AngleCorrection>
	</Object>
	<Object type="0x0014" id="Green Blob">
		<Class>Projectile</Class>
		<Texture>
			<File>lofiObj2</File>
			<Index>0x10</Index>
		</Texture>
	</Object>
	<Object type="0x0015" id="Red Star">
		<Class>Projectile</Class>
		<Texture>
			<File>lofiObj</File>
			<Index>0x60</Index>
		</Texture>
		<Rotation>100</Rotation>
	</Object>
	<Object type="0x0016" id="Blue Star">
		<Class>Projectile</Class>
		<Texture>
			<File>lofiObj</File>
			<Index>0x63</Index>
		</Texture>
		<Rotation>100</Rotation>
	</Object>
	<Object type="0x0017" id="Grey Star">
		<Class>Projectile</Class>
		<Texture>
			<File>lofiObj</File>
			<Index>0x66</Index>
		</Texture>
		<Rotation>100</Rotation>
	</Object>
	<Object type="0x0018" id="Purple Star">
		<Class>Projectile</Class>
		<Texture>
			<File>lofiObj</File>
			<Index>0x70</Index>
		</Texture>
		<Rotation>100</Rotation>
	</Object>
	<Object type="0x0019" id="Green Star">
		<Class>Projectile</Class>
		<Texture>
			<File>lofiObj</File>
			<Index>0x73</Index>
		</Texture>
		<Rotation>100</Rotation>
	</Object>
	<Object type="0x001a" id="Yellow Star">
		<Class>Projectile</Class>
		<Texture>
			<File>lofiObj</File>
			<Index>0x76</Index>
		</Texture>
		<Rotation>100</Rotation>
	</Object>
	<Object type="0x001b" id="Silver Shield">
		<Class>Projectile</Class>
		<Texture>
			<File>lofiObj2</File>
			<Index>0x13</Index>
		</Texture>
		<AngleCorrection>3</AngleCorrection>
	</Object>
	<Object type="0x001c" id="Cyan Magic">
		<Class>Projectile</Class>
		<Texture>
			<File>lofiObj2</File>
			<Index>0xa0</Index>
		</Texture>
	</Object>
	<Object type="0x001d" id="Yellow Magic">
		<Class>Projectile</Class>
		<Texture>
			<File>lofiObj2</File>
			<Index>0xa1</Index>
		</Texture>
	</Object>
	<Object type="0x001e" id="Orange Magic">
		<Class>Projectile</Class>
		<Texture>
			<File>lofiObj2</File>
			<Index>0xa2</Index>
		</Texture>
	</Object>
	<Object type="0x001f" id="Dark Blue Magic">
		<Class>Projectile</Class>
		<Texture>
			<File>lofiObj2</File>
			<Index>0xa3</Index>
		</Texture>
	</Object>
	<Object type="0x0020" id="Fire Missile">
		<Class>Projectile</Class>
		<Texture>
			<File>lofiObj</File>
			<Index>0xd5</Index>
		</Texture>
		<AngleCorrection>1</AngleCorrection>
	</Object>
	<Object type="0x0021" id="Blue Missile">
		<Class>Projectile</Class>
		<Texture>
			<File>lofiObj</File>
			<Index>0xe5</Index>
		</Texture>
		<AngleCorrection>1</AngleCorrection>
	</Object>
	<Object type="0x0022" id="Green Missile">
		<Class>Projectile</Class>
		<Texture>
			<File>lofiObj</File>
			<Index>0xdd</Index>
		</Texture>
		<AngleCorrection>1</AngleCorrection>
	</Object>
	<Object type="0x0023" id="Purple Missile">
		<Class>Projectile</Class>
		<Texture>
			<File>lofiObj</File>
			<Index>0xed</Index>
		</Texture>
		<AngleCorrection>1</AngleCorrection>
	</Object>
	<Object type="0x0024" id="Salmon Missile">
		<Class>Projectile</Class>
		<Texture>
			<File>lofiObj2</File>
			<Index>0x8a</Index>
		</Texture>
		<AngleCorrection>1</AngleCorrection>
	</Object>
	<Object type="0x0025" id="Violet Missile">
		<Class>Projectile</Class>
		<Texture>
			<File>lofiObj2</File>
			<Index>0x8b</Index>
		</Texture>
		<AngleCorrection>1</AngleCorrection>
	</Object>
	<Object type="0x0026" id="Aqua Missile">
		<Class>Projectile</Class>
		<Texture>
			<File>lofiObj2</File>
			<Index>0x8c</Index>
		</Texture>
		<AngleCorrection>1</AngleCorrection>
	</Object>
	<Object type="0x0027" id="Black Missile">
		<Class>Projectile</Class>
		<Texture>
			<File>lofiObj2</File>
			<Index>0x9a</Index>
		</Texture>
		<AngleCorrection>1</AngleCorrection>
	</Object>
	<Object type="0x0028" id="Yellow Missile">
		<Class>Projectile</Class>
		<Texture>
			<File>lofiObj2</File>
			<Index>0x9b</Index>
		</Texture>
		<AngleCorrection>1</AngleCorrection>
	</Object>
	<Object type="0x0029" id="Grey Missile">
		<Class>Projectile</Class>
		<Texture>
			<File>lofiObj2</File>
			<Index>0x9c</Index>
		</Texture>
		<AngleCorrection>1</AngleCorrection>
	</Object>
	<Object type="0x002a" id="Purple Arrow">
		<Class>Projectile</Class>
		<Texture>
			<File>lofiObj2</File>
			<Index>0x64</Index>
		</Texture>
		<AngleCorrection>1</AngleCorrection>
	</Object>
	<Object type="0x002b" id="Grey Arrow">
		<Class>Projectile</Class>
		<Texture>
			<File>lofiObj2</File>
			<Index>0x65</Index>
		</Texture>
		<AngleCorrection>1</AngleCorrection>
	</Object>
	<Object type="0x002c" id="Spring Green Arrow">
		<Class>Projectile</Class>
		<Texture>
			<File>lofiObj2</File>
			<Index>0x66</Index>
		</Texture>
		<AngleCorrection>1</AngleCorrection>
	</Object>
	<Object type="0x002d" id="Indigo Arrow">
		<Class>Projectile</Class>
		<Texture>
			<File>lofiObj2</File>
			<Index>0x67</Index>
		</Texture>
		<AngleCorrection>1</AngleCorrection>
	</Object>
	<Object type="0x002e" id="Grey Boomerang">
		<Class>Projectile</Class>
		<Texture>
			<File>lofiObj</File>
			<Index>0x83</Index>
		</Texture>
		<Rotation>50</Rotation>
	</Object>
	<Object type="0x002f" id="Fire Boomerang">
		<Class>Projectile</Class>
		<Texture>
			<File>lofiObj</File>
			<Index>0x93</Index>
		</Texture>
		<Rotation>50</Rotation>
	</Object>
	<Object type="0x0030" id="Green Boomerang">
		<Class>Projectile</Class>
		<Texture>
			<File>lofiObj</File>
			<Index>0xa3</Index>
		</Texture>
		<Rotation>50</Rotation>
	</Object>
	<Object type="0x0031" id="Blue Boomerang">
		<Class>Projectile</Class>
		<Texture>
			<File>lofiObj</File>
			<Index>0xb3</Index>
		</Texture>
		<Rotation>50</Rotation>
	</Object>
	<Object type="0x0032" id="Purple Boomerang">
		<Class>Projectile</Class>
		<Texture>
			<File>lofiObj</File>
			<Index>0xc3</Index>
		</Texture>
		<Rotation>50</Rotation>
	</Object>
	<Object type="0x0033" id="Black Ball">
		<Class>Projectile</Class>
		<Texture>
			<File>lofiObj2</File>
			<Index>0xcf</Index>
		</Texture>
	</Object>
	<Object type="0x0034" id="Brown Magic">
		<Class>Projectile</Class>
		<Texture>
			<File>lofiObj2</File>
			<Index>0xa4</Index>
		</Texture>
	</Object>
	<Object type="0x0035" id="Black Magic">
		<Class>Projectile</Class>
		<Texture>
			<File>lofiObj2</File>
			<Index>0xa5</Index>
		</Texture>
	</Object>
	<Object type="0x0036" id="Purple Bolt">
		<Class>Projectile</Class>
		<Texture>
			<File>lofiObj2</File>
			<Index>0x72</Index>
		</Texture>
		<AngleCorrection>1</AngleCorrection>
	</Object>
	<Object type="0x0037" id="Black Arrow">
		<Class>Projectile</Class>
		<Texture>
			<File>lofiObj2</File>
			<Index>0x73</Index>
		</Texture>
		<AngleCorrection>1</AngleCorrection>
	</Object>
	<Object type="0x0038" id="Orange Missile">
		<Class>Projectile</Class>
		<Texture>
			<File>lofiObj2</File>
			<Index>0x74</Index>
		</Texture>
		<AngleCorrection>1</AngleCorrection>
	</Object>
	<Object type="0x0039" id="Purple Shuriken">
		<Class>Projectile</Class>
		<Texture>
			<File>lofiObj</File>
			<Index>0xc2</Index>
		</Texture>
		<Rotation>50</Rotation>
	</Object>
	<Object type="0x003a" id="Blue Shuriken">
		<Class>Projectile</Class>
		<Texture>
			<File>lofiObj</File>
			<Index>0xb2</Index>
		</Texture>
		<Rotation>50</Rotation>
	</Object>
	<Object type="0x003b" id="White Bullet">
		<Class>Projectile</Class>
		<Texture>
			<File>lofiObj2</File>
			<Index>0x40</Index>
		</Texture>
	</Object>
	<Object type="0x003c" id="White Flame">
		<Class>Projectile</Class>
		<Texture>
			<File>lofiObj2</File>
			<Index>0x41</Index>
		</Texture>
		<AngleCorrection>1</AngleCorrection>
	</Object>
	<Object type="0x003d" id="Leaf Bolt">
		<Class>Projectile</Class>
		<Texture>
			<File>lofiObj2</File>
			<Index>0x42</Index>
		</Texture>
		<Rotation>0</Rotation>
	</Object>
	<Object type="0x003e" id="Bark Bolt">
		<Class>Projectile</Class>
		<Texture>
			<File>lofiObj2</File>
			<Index>0x43</Index>
		</Texture>
		<Rotation>50</Rotation>
	</Object>
	<Object type="0x003f" id="Eldritch Zap">
		<Class>Projectile</Class>
		<Texture>
			<File>lofiObj2</File>
			<Index>0x44</Index>
		</Texture>
		<Rotation>0</Rotation>
	</Object>
	<Object type="0x0040" id="Sparkling Bolt">
		<Class>Projectile</Class>
		<Texture>
			<File>lofiObj2</File>
			<Index>0x45</Index>
		</Texture>
		<Rotation>0</Rotation>
	</Object>
	<Object type="0x0041" id="Web Thread">
		<Class>Projectile</Class>
		<Texture>
			<File>lofiObj2</File>
			<Index>0x46</Index>
		</Texture>
		<Rotation>0</Rotation>
		<ShadowSize>0</ShadowSize>
	</Object>
	<Object type="0x0042" id="Aqua Slash">
		<Class>Projectile</Class>
		<Texture>
			<File>lofiObj2</File>
			<Index>0x51</Index>
		</Texture>
		<Rotation>0</Rotation>
		<AngleCorrection>1</AngleCorrection>
	</Object>
	<Object type="0x0043" id="Gray Spinner">
		<Class>Projectile</Class>
		<Texture>
			<File>lofiObj4</File>
			<Index>0x80</Index>
		</Texture>
		<Rotation>150</Rotation>
	</Object>
	<Object type="0x0044" id="Fire Spinner">
		<Class>Projectile</Class>
		<Texture>
			<File>lofiObj4</File>
			<Index>0x81</Index>
		</Texture>
		<Rotation>100</Rotation>
	</Object>
	<Object type="0x0045" id="Green Spinner">
		<Class>Projectile</Class>
		<Texture>
			<File>lofiObj4</File>
			<Index>0x82</Index>
		</Texture>
		<Rotation>200</Rotation>
	</Object>
	<Object type="0x0046" id="Dark Gray Spinner">
		<Class>Projectile</Class>
		<Texture>
			<File>lofiObj4</File>
			<Index>0x83</Index>
		</Texture>
		<Rotation>150</Rotation>
	</Object>
	<Object type="0x0047" id="Blue Mystic Shot">
		<Class>Projectile</Class>
		<Texture>
			<File>lofiObj4</File>
			<Index>0x84</Index>
		</Texture>
		<Rotation>0</Rotation>
	</Object>
	<Object type="0x0048" id="Purple Mystic Shot">
		<Class>Projectile</Class>
		<Texture>
			<File>lofiObj4</File>
			<Index>0x85</Index>
		</Texture>
		<Rotation>0</Rotation>
	</Object>
	<Object type="0x0049" id="Fire Mystic Shot">
		<Class>Projectile</Class>
		<Texture>
			<File>lofiObj4</File>
			<Index>0x86</Index>
		</Texture>
		<Rotation>0</Rotation>
	</Object>
	<Object type="0x004a" id="Rimmed Mystic Shot">
		<Class>Projectile</Class>
		<Texture>
			<File>lofiObj4</File>
			<Index>0x87</Index>
		</Texture>
		<Rotation>0</Rotation>
	</Object>
	<Object type="0x004b" id="Beam">
		<Class>Projectile</Class>
		<Texture>
			<File>lofiObj4</File>
			<Index>0x88</Index>
		</Texture>
		<Rotation>0</Rotation>
	</Object>
	<Object type="0x004c" id="Brown Claw">
		<Class>Projectile</Class>
		<Texture>
			<File>lofiObj4</File>
			<Index>0x89</Index>
		</Texture>
		<Rotation>300</Rotation>
	</Object>
	<Object type="0x004d" id="Violet Claw">
		<Class>Projectile</Class>
		<Texture>
			<File>lofiObj4</File>
			<Index>0x8a</Index>
		</Texture>
		<Rotation>300</Rotation>
	</Object>
	<Object type="0x004e" id="Fire Claw">
		<Class>Projectile</Class>
		<Texture>
			<File>lofiObj4</File>
			<Index>0x8b</Index>
		</Texture>
		<Rotation>300</Rotation>
	</Object>
	<Object type="0x004f" id="Steel Claw">
		<Class>Projectile</Class>
		<Texture>
			<File>lofiObj4</File>
			<Index>0x8c</Index>
		</Texture>
		<Rotation>300</Rotation>
	</Object>
	<Object type="0x0050" id="Web Thread 2">
		<Class>Projectile</Class>
		<Texture>
			<File>lofiObj4</File>
			<Index>0x8d</Index>
		</Texture>
		<Rotation>0</Rotation>
		<ShadowSize>0</ShadowSize>
	</Object>
	<Object type="0x0051" id="Web Thread 3">
		<Class>Projectile</Class>
		<Texture>
			<File>lofiObj4</File>
			<Index>0x8e</Index>
		</Texture>
		<Rotation>0</Rotation>
		<ShadowSize>0</ShadowSize>
	</Object>
	<Object type="0x0052" id="Ice Spinner">
		<Class>Projectile</Class>
		<Texture>
			<File>lofiObj4</File>
			<Index>0x8f</Index>
		</Texture>
		<Rotation>275</Rotation>
	</Object>
	<Object type="0x0053" id="Hellfire">
		<Class>Projectile</Class>
		<Texture>
			<File>lofiChar216x8</File>
			<Index>0x14</Index>
		</Texture>
		<Rotation>0</Rotation>
	</Object>
	<Object type="0x0054" id="Zedshot">
		<Class>Projectile</Class>
		<Texture>
			<File>lofiObj4</File>
			<Index>0xc0</Index>
		</Texture>
		<Rotation>50</Rotation>
	</Object>
	<Object type="0x0055" id="Fireball">
		<Class>Projectile</Class>
		<Texture>
			<File>lofiChar216x16</File>
			<Index>0x0d</Index>
		</Texture>
		<Rotation>200</Rotation>
	</Object>
	<Object type="0x0057" id="Fire Magic">
		<Class>Projectile</Class>
		<Texture>
			<File>lofiObj4</File>
			<Index>0xc1</Index>
		</Texture>
		<AngleCorrection>1</AngleCorrection>
	</Object>
	<Object type="0x0058" id="Ice Magic">
		<Class>Projectile</Class>
		<Texture>
			<File>lofiObj4</File>
			<Index>0xc2</Index>
		</Texture>
		<AngleCorrection>1</AngleCorrection>
	</Object>
	<Object type="0x0059" id="Thunderbolt">
		<Class>Projectile</Class>
		<Texture>
			<File>lofiObj4</File>
			<Index>0xc3</Index>
		</Texture>
	</Object>
	<Object type="0x005a" id="Red Bullet">
		<Class>Projectile</Class>
		<Texture>
			<File>lofiProjs</File>
			<Index>0x00</Index>
		</Texture>
	</Object>
	<Object type="0x005b" id="Red BigBullet">
		<Class>Projectile</Class>
		<Texture>
			<File>lofiProjs</File>
			<Index>0x01</Index>
		</Texture>
	</Object>
	<Object type="0x005c" id="Gold Bullet">
		<Class>Projectile</Class>
		<Texture>
			<File>lofiProjs</File>
			<Index>0x02</Index>
		</Texture>
	</Object>
	<Object type="0x005d" id="White Beam">
		<Class>Projectile</Class>
		<Texture>
			<File>lofiProjs</File>
			<Index>0x03</Index>
		</Texture>
	</Object>
	<Object type="0x005e" id="Ice Burst">
		<Class>Projectile</Class>
		<Texture>
			<File>lofiProjs</File>
			<Index>0x04</Index>
		</Texture>
	</Object>
	<Object type="0x005f" id="Vortex">
		<Class>Projectile</Class>
		<Texture>
			<File>lofiProjsBig</File>
			<Index>0x00</Index>
		</Texture>
		<Rotation>-60</Rotation>
	</Object>
	<Object type="0x0060" id="Pink Swipe">
		<Class>Projectile</Class>
		<Texture>
			<File>lofiProjs</File>
			<Index>0x05</Index>
		</Texture>
		<Rotation>0</Rotation>
	</Object>
	<Object type="0x0061" id="Pink Blast">
		<Class>Projectile</Class>
		<Texture>
			<File>lofiProjs</File>
			<Index>0x06</Index>
		</Texture>
		<Rotation>0</Rotation>
	</Object>
	<Object type="0x0062" id="Blue Blast">
		<Class>Projectile</Class>
		<Texture>
			<File>lofiProjs</File>
			<Index>0x07</Index>
		</Texture>
		<Rotation>0</Rotation>
	</Object>
	<Object type="0x0063" id="Ice Triangle">
		<Class>Projectile</Class>
		<Texture>
			<File>lofiProjs</File>
			<Index>0x08</Index>
		</Texture>
		<Rotation>80</Rotation>
	</Object>
	<Object type="0x0064" id="Oryx Bubble">
		<Class>Projectile</Class>
		<Texture>
			<File>lofiProjsBig</File>
			<Index>0x01</Index>
		</Texture>
		<Rotation>0</Rotation>
	</Object>
	<Object type="0x0065" id="Oryx Knight Blast Sm">
		<Class>Projectile</Class>
		<Texture>
			<File>lofiProjs</File>
			<Index>0x09</Index>
		</Texture>
		<Rotation>0</Rotation>
	</Object>
	<Object type="0x0066" id="Oryx Knight Swipe">
		<Class>Projectile</Class>
		<Texture>
			<File>lofiProjs</File>
			<Index>0x0a</Index>
		</Texture>
		<Rotation>0</Rotation>
	</Object>
	<Object type="0x0067" id="Oryx Brute Line">
		<Class>Projectile</Class>
		<Texture>
			<File>lofiProjs</File>
			<Index>0x0b</Index>
		</Texture>
		<Rotation>0</Rotation>
	</Object>
	<Object type="0x0068" id="Oryx Brute Rush">
		<Class>Projectile</Class>
		<Texture>
			<File>lofiProjsBig</File>
			<Index>0x02</Index>
		</Texture>
		<Rotation>0</Rotation>
	</Object>
	<Object type="0x0069" id="Oryx Insect Sting">
		<Class>Projectile</Class>
		<Texture>
			<File>lofiProjs</File>
			<Index>0x0c</Index>
		</Texture>
		<Rotation>0</Rotation>
	</Object>
	<Object type="0x006a" id="Oryx Insect Sting Status">
		<Class>Projectile</Class>
		<Texture>
			<File>lofiProjs</File>
			<Index>0x0d</Index>
		</Texture>
		<Rotation>70</Rotation>
	</Object>
	<Object type="0x006b" id="Oryx Eye Warrior Swipe">
		<Class>Projectile</Class>
		<Texture>
			<File>lofiProjs</File>
			<Index>0x0e</Index>
		</Texture>
	</Object>
	<Object type="0x006c" id="Armor Sword Attack">
		<Class>Projectile</Class>
		<Texture>
			<File>lofiProjs</File>
			<Index>0x0f</Index>
		</Texture>
	</Object>
	<Object type="0x006d" id="Armor Creation">
		<Class>Projectile</Class>
		<Texture>
			<File>lofiProjs</File>
			<Index>0x10</Index>
		</Texture>
	</Object>
	<Object type="0x006e" id="White Blast">
		<Class>Projectile</Class>
		<Texture>
			<File>lofiProjs</File>
			<Index>0x11</Index>
		</Texture>
	</Object>
	<Object type="0x006f" id="Lightning Spiral">
		<Class>Projectile</Class>
		<Texture>
			<File>lofiProjs</File>
			<Index>0x12</Index>
		</Texture>
		<Rotation>60</Rotation>
	</Object>
	<Object type="0x0070" id="Super Blast Red">
		<Class>Projectile</Class>
		<Texture>
			<File>lofiProjsBig</File>
			<Index>0x03</Index>
		</Texture>
	</Object>
	<Object type="0x0071" id="Super Blast Purple">
		<Class>Projectile</Class>
		<Texture>
			<File>lofiProjsBig</File>
			<Index>0x04</Index>
		</Texture>
	</Object>
	<Object type="0x0072" id="Small White Blast">
		<Class>Projectile</Class>
		<Texture>
			<File>lofiProjs</File>
			<Index>0x13</Index>
		</Texture>
	</Object>
	<Object type="0x0073" id="Purple Blast">
		<Class>Projectile</Class>
		<Texture>
			<File>lofiProjs</File>
			<Index>0x14</Index>
		</Texture>
	</Object>
	<Object type="0x0074" id="Red Blast">
		<Class>Projectile</Class>
		<Texture>
			<File>lofiProjs</File>
			<Index>0x15</Index>
		</Texture>
	</Object>
	<Object type="0x0075" id="Pet Bubble">
		<Class>Projectile</Class>
		<Texture>
			<File>lofiProjs</File>
			<Index>0x16</Index>
		</Texture>
	</Object>
	<Object type="0x0076" id="Oryx Knight Line">
		<Class>Projectile</Class>
		<Texture>
			<File>lofiProjs</File>
			<Index>0x17</Index>
		</Texture>
	</Object>
	<Object type="0x0077" id="Stone Slash">
		<Class>Projectile</Class>
		<Texture>
			<File>lofiProjs</File>
			<Index>0x18</Index>
		</Texture>
		<AngleCorrection>1</AngleCorrection>
	</Object>
	<Object type="0x0078" id="Oryx Knight Swipe Spin">
		<Class>Projectile</Class>
		<Texture>
			<File>lofiProjs</File>
			<Index>0x19</Index>
		</Texture>
		<Rotation>85</Rotation>
	</Object>
	<Object type="0x0079" id="Purple Spit">
		<Class>Projectile</Class>
		<Texture>
			<File>lofiProjs</File>
			<Index>0x1a</Index>
		</Texture>
	</Object>
	<Object type="0x007a" id="Yellow Wave">
		<Class>Projectile</Class>
		<Texture>
			<File>lofiProjs</File>
			<Index>0x1b</Index>
		</Texture>
	</Object>
	<Object type="0x007b" id="Squid Sucker">
		<Class>Projectile</Class>
		<Texture>
			<File>lofiProjs</File>
			<Index>0x1c</Index>
		</Texture>
	</Object>
	<Object type="0x007c" id="Ink Blot">
		<Class>Projectile</Class>
		<RandomTexture>
			<Texture>
				<File>lofiProjs</File>
				<Index>0x1d</Index>
			</Texture>
			<Texture>
				<File>lofiProjs</File>
				<Index>0x1e</Index>
			</Texture>
			<Texture>
				<File>lofiProjs</File>
				<Index>0x1f</Index>
			</Texture>
			<Texture>
				<File>lofiProjs</File>
				<Index>0x20</Index>
			</Texture>
			<Texture>
				<File>lofiProjs</File>
				<Index>0x21</Index>
			</Texture>
		</RandomTexture>
		<Rotation>195</Rotation>
	</Object>
	<Object type="0x007d" id="Squid Shot">
		<Class>Projectile</Class>
		<Texture>
			<File>lofiProjs</File>
			<Index>0x22</Index>
		</Texture>
		<AngleCorrection>-1</AngleCorrection>
	</Object>
	<Object type="0x007e" id="Bubble">
		<Class>Projectile</Class>
		<RandomTexture>
			<Texture>
				<File>lofiProjs</File>
				<Index>0x23</Index>
			</Texture>
			<Texture>
				<File>lofiProjs</File>
				<Index>0x24</Index>
			</Texture>
			<Texture>
				<File>lofiProjs</File>
				<Index>0x25</Index>
			</Texture>
			<Texture>
				<File>lofiProjs</File>
				<Index>0x26</Index>
			</Texture>
		</RandomTexture>
	</Object>
	<Object type="0x007f" id="Sea Arrow">
		<Class>Projectile</Class>
		<Texture>
			<File>lofiProjs</File>
			<Index>0x27</Index>
		</Texture>
	</Object>
	<Object type="0x0080" id="Sea Spike">
		<Class>Projectile</Class>
		<Texture>
			<File>lofiProjs</File>
			<Index>0x28</Index>
		</Texture>
		<AngleCorrection>-1</AngleCorrection>
	</Object>
	<Object type="0x0081" id="Fishman Spear">
		<Class>Projectile</Class>
		<Texture>
			<File>lofiProjs</File>
			<Index>0x29</Index>
		</Texture>
	</Object>
	<Object type="0x0082" id="Fishman Boomerang">
		<Class>Projectile</Class>
		<Texture>
			<File>lofiProjs</File>
			<Index>0x2a</Index>
		</Texture>
		<Rotation>120</Rotation>
	</Object>
	<Object type="0x0083" id="Coral Spike">
		<Class>Projectile</Class>
		<Texture>
			<File>lofiProjs</File>
			<Index>0x2b</Index>
		</Texture>
	</Object>
	<Object type="0x0084" id="Trident">
		<Class>Projectile</Class>
		<Texture>
			<File>lofiProjs</File>
			<Index>0x2c</Index>
		</Texture>
		<AngleCorrection>-1</AngleCorrection>
	</Object>
	<Object type="0x0085" id="Thunder Swirl">
		<Class>Projectile</Class>
		<Texture>
			<File>lofiProjs</File>
			<Index>0x2d</Index>
		</Texture>
		<Rotation>-85</Rotation>
	</Object>
	<Object type="0x0086" id="Rainbow Magic">
		<Class>Projectile</Class>
		<Texture>
			<File>lofiProjs</File>
			<Index>0x2e</Index>
		</Texture>
	</Object>
	<Object type="0x0087" id="Super Trident">
		<Class>Projectile</Class>
		<Texture>
			<File>lofiProjs</File>
			<Index>0x2f</Index>
		</Texture>
		<AngleCorrection>-1</AngleCorrection>
	</Object>
	<Object type="0x0088" id="Yellow Wall">
		<Class>Projectile</Class>
		<Texture>
			<File>lofiProjsBig</File>
			<Index>0x05</Index>
		</Texture>
	</Object>
	<Object type="0x0089" id="Deep Sea Blast">
		<Class>Projectile</Class>
		<Texture>
			<File>lofiProjsBig</File>
			<Index>0x06</Index>
		</Texture>
	</Object>
	<Object type="0x008a" id="Tentacle Ball">
		<Class>Projectile</Class>
		<Texture>
			<File>lofiProjs</File>
			<Index>0x30</Index>
		</Texture>
	</Object>
	<Object type="0x008b" id="Tentacle Wall">
		<Class>Projectile</Class>
		<Texture>
			<File>lofiProjs</File>
			<Index>0x31</Index>
		</Texture>
	</Object>
	<Object type="0x008c" id="Water Shot">
		<Class>Projectile</Class>
		<Texture>
			<File>lofiProjs</File>
			<Index>0x32</Index>
		</Texture>
	</Object>
	
   4181044
   
	<Object type="0x008d" id="InkBubbles">
		<Class>Projectile</Class>
		<RandomTexture>
			<Texture>
				<File>lofiProjs</File>
				<Index>0x33</Index>
			</Texture>
			<Texture>
				<File>lofiProjs</File>
				<Index>0x34</Index>
			</Texture>
			<Texture>
				<File>lofiProjs</File>
				<Index>0x35</Index>
			</Texture>
		</RandomTexture>
		<Rotation>185</Rotation>
	</Object>
	<Object type="0x008e" id="OctoBlast">
		<Class>Projectile</Class>
		<Texture>
			<File>lofiProjs</File>
			<Index>0x36</Index>
		</Texture>
	</Object>
	<Object type="0x008f" id="Deep Sea Blast Yellow">
		<Class>Projectile</Class>
		<Texture>
			<File>lofiProjsBig</File>
			<Index>0x07</Index>
		</Texture>
	</Object>
	<Object type="0x0090" id="Coral Arrow">
		<Class>Projectile</Class>
		<Texture>
			<File>lofiProjs</File>
			<Index>0x37</Index>
		</Texture>
		<AngleCorrection>1</AngleCorrection>
	</Object>
	<Object type="0x0091" id="FishWarrior Spear">
		<Class>Projectile</Class>
		<Texture>
			<File>lofiProjs</File>
			<Index>0x38</Index>
		</Texture>
		<AngleCorrection>-1</AngleCorrection>
	</Object>
	<Object type="0x0092" id="Coral Shot">
		<Class>Projectile</Class>
		<Texture>
			<File>lofiProjs</File>
			<Index>0x39</Index>
		</Texture>
	</Object>
	<Object type="0x0093" id="Mute Spell">
		<Class>Projectile</Class>
		<Texture>
			<File>lofiProjs</File>
			<Index>0x3a</Index>
		</Texture>
		<Rotation>135</Rotation>
	</Object>
	<Object type="0x0094" id="Sea Horse Spinner">
		<Class>Projectile</Class>
		<Texture>
			<File>lofiProjs</File>
			<Index>0x3b</Index>
		</Texture>
		<Rotation>135</Rotation>
	</Object>
	<Object type="0x0095" id="Wine Bomb">
		<Class>Projectile</Class>
		<Texture>
			<File>lofiProjs</File>
			<Index>0x3c</Index>
		</Texture>
		<Rotation>-105</Rotation>
	</Object>
	<Object type="0x0096" id="Invisible">
		<Class>Projectile</Class>
		<Texture>
			<File>invisible</File>
			<Index>0</Index>
		</Texture>
		<ShadowSize>0</ShadowSize>
	</Object>
	<Object type="0x0097" id="Fireball 2">
		<Class>Projectile</Class>
		<Texture>
			<File>lofiProjs</File>
			<Index>0x3d</Index>
		</Texture>
		<Rotation>-110</Rotation>
	</Object>
	<Object type="0x0098" id="Ghost Shot">
		<Class>Projectile</Class>
		<Texture>
			<File>lofiProjs</File>
			<Index>0x3e</Index>
		</Texture>
	</Object>
	<Object type="0x0099" id="Totem Blast">
		<Class>Projectile</Class>
		<Texture>
			<File>lofiProjs</File>
			<Index>0x3f</Index>
		</Texture>
		<AngleCorrection>-1</AngleCorrection>
	</Object>
	<Object type="0x009a" id="Hunter Spear">
		<Class>Projectile</Class>
		<Texture>
			<File>lofiProjs</File>
			<Index>0x40</Index>
		</Texture>
	</Object>
	<Object type="0x009b" id="Shaman Star">
		<Class>Projectile</Class>
		<Texture>
			<File>lofiProjs</File>
			<Index>0x41</Index>
		</Texture>
		<Rotation>45</Rotation>
	</Object>
	<Object type="0x009c" id="Mask Blast">
		<Class>Projectile</Class>
		<Texture>
			<File>lofiProjs</File>
			<Index>0x42</Index>
		</Texture>
		<AngleCorrection>0</AngleCorrection>
	</Object>
	<Object type="0x009d" id="Totem Fire Wall">
		<Class>Projectile</Class>
		<Texture>
			<File>lofiProjs</File>
			<Index>0x43</Index>
		</Texture>
		<AngleCorrection>1</AngleCorrection>
	</Object>
	<Object type="0x009e" id="Mask Powerwave">
		<Class>Projectile</Class>
		<Texture>
			<File>lofiProjs</File>
			<Index>0x44</Index>
		</Texture>
		<AngleCorrection>1</AngleCorrection>
	</Object>
	<Object type="0x009f" id="Mask Powershot">
		<Class>Projectile</Class>
		<Texture>
			<File>lofiProjs</File>
			<Index>0x45</Index>
		</Texture>
	</Object>
	<Object type="0x00a0" id="Crystal Serpent Missile">
		<Class>Projectile</Class>
		<Texture>
			<File>lofiProjs</File>
			<Index>0x46</Index>
		</Texture>
		<AngleCorrection>1</AngleCorrection>
	</Object>
	<Object type="0x00a1" id="Basilisk Acid">
		<Class>Projectile</Class>
		<Texture>
			<File>lofiProjs</File>
			<Index>0x47</Index>
		</Texture>
		<AngleCorrection>1</AngleCorrection>
	</Object>
	<Object type="0x00a2" id="Basilisk Beam">
		<Class>Projectile</Class>
		<Texture>
			<File>lofiProjs</File>
			<Index>0x48</Index>
		</Texture>
		<AngleCorrection>1</AngleCorrection>
	</Object>
	<Object type="0x00a3" id="Snake Shot">
		<Class>Projectile</Class>
		<Texture>
			<File>lofiProjs</File>
			<Index>0x49</Index>
		</Texture>
	</Object>
	<Object type="0x00a4" id="Snake Shot Yellow">
		<Class>Projectile</Class>
		<Texture>
			<File>lofiProjs</File>
			<Index>0x4a</Index>
		</Texture>
	</Object>
	<Object type="0x00a5" id="Yellow Swipe">
		<Class>Projectile</Class>
		<Texture>
			<File>lofiProjs</File>
			<Index>0x4b</Index>
		</Texture>
		<Rotation>-120</Rotation>
	</Object>
	<Object type="0x00a6" id="White Demon Shot">
		<Class>Projectile</Class>
		<Texture>
			<File>lofiProjs</File>
			<Index>0x4c</Index>
		</Texture>
		<Rotation>80</Rotation>
	</Object>
	<Object type="0x00a7" id="Thousand Shot Arrow">
		<Class>Projectile</Class>
		<Texture>
			<File>lofiProjs</File>
			<Index>0x4d</Index>
		</Texture>
	</Object>
	<Object type="0x00a8" id="Dagger">
		<Class>Projectile</Class>
		<Texture>
			<File>lofiProjs</File>
			<Index>0x4e</Index>
		</Texture>
	</Object>
	<Object type="0x00a9" id="HellHoundAttack">
		<Class>Projectile</Class>
		<Texture>
			<File>lofiProjs</File>
			<Index>0x4f</Index>
		</Texture>
	</Object>
	<Object type="0x00aa" id="ArmorGuard Attack">
		<Class>Projectile</Class>
		<Texture>
			<File>lofiProjs</File>
			<Index>0x50</Index>
		</Texture>
		<AngleCorrection>1</AngleCorrection>
	</Object>
	<Object type="0x00ab" id="Bone Swipe">
		<Class>Projectile</Class>
		<Texture>
			<File>lofiProjs</File>
			<Index>0x51</Index>
		</Texture>
		<Rotation>80</Rotation>
	</Object>
	<Object type="0x00ac" id="Vampire Magic">
		<Class>Projectile</Class>
		<Texture>
			<File>lofiProjs</File>
			<Index>0x52</Index>
		</Texture>
	</Object>
	<Object type="0x00ad" id="Vampire Magic Ball">
		<Class>Projectile</Class>
		<Texture>
			<File>lofiProjs</File>
			<Index>0x53</Index>
		</Texture>
	</Object>
	<Object type="0x00ae" id="Rockbomb Spike">
		<Class>Projectile</Class>
		<Texture>
			<File>lofiProjs</File>
			<Index>0x54</Index>
		</Texture>
		<AngleCorrection>1</AngleCorrection>
	</Object>
	<Object type="0x00af" id="Coffin Bullet">
		<Class>Projectile</Class>
		<Texture>
			<File>lofiProjs</File>
			<Index>0x55</Index>
		</Texture>
	</Object>
	<Object type="0x00b0" id="Cross Bullet">
		<Class>Projectile</Class>
		<Texture>
			<File>lofiProjs</File>
			<Index>0x56</Index>
		</Texture>
	</Object>
	<Object type="0x00b1" id="Bone Dagger Shot">
		<Class>Projectile</Class>
		<Texture>
			<File>lofiProjs</File>
			<Index>0x57</Index>
		</Texture>
		<AngleCorrection>1</AngleCorrection>
	</Object>
	<Object type="0x00b2" id="Specter Spinner">
		<Class>Projectile</Class>
		<Texture>
			<File>lofiProjs</File>
			<Index>0x58</Index>
		</Texture>
		<Rotation>-80</Rotation>
	</Object>
	<Object type="0x00b3" id="Specter Spike">
		<Class>Projectile</Class>
		<Texture>
			<File>lofiProjs</File>
			<Index>0x59</Index>
		</Texture>
		<AngleCorrection>1</AngleCorrection>
	</Object>
	<Object type="0x00b4" id="Specter Shot">
		<Class>Projectile</Class>
		<Texture>
			<File>lofiProjs</File>
			<Index>0x5a</Index>
		</Texture>
	</Object>
	<Object type="0x00b5" id="Ruthven Shot">
		<Class>Projectile</Class>
		<Texture>
			<File>lofiProjs</File>
			<Index>0x5b</Index>
		</Texture>
		<AngleCorrection>1</AngleCorrection>
	</Object>
	<Object type="0x00b6" id="LavaBombBlast">
		<Class>Projectile</Class>
		<Texture>
			<File>lofiProjs</File>
			<Index>0x5c</Index>
		</Texture>
		<AngleCorrection>1</AngleCorrection>
	</Object>
	<Object type="0x00b7" id="Anatis">
		<Class>Projectile</Class>
		<Texture>
			<File>lofiProjs</File>
			<Index>0x5d</Index>
		</Texture>
	</Object>
	<Object type="0x00b8" id="Rainbow Magic Star">
		<Class>Projectile</Class>
		<Texture>
			<File>lofiProjs</File>
			<Index>0x5e</Index>
		</Texture>
		<Rotation>100</Rotation>
	</Object>
	<Object type="0x00b9" id="Rainbow Magic Star Super">
		<Class>Projectile</Class>
		<Texture>
			<File>lofiProjsBig</File>
			<Index>0x08</Index>
		</Texture>
		<Rotation>100</Rotation>
	</Object>
	<Object type="0x00ba" id="Pink Dot">
		<Class>Projectile</Class>
		<Texture>
			<File>lofiProjs</File>
			<Index>0x5f</Index>
		</Texture>
	</Object>
	<Object type="0x00bb" id="Feather">
		<Class>Projectile</Class>
		<RandomTexture>
			<Texture>
				<File>lofiProjs</File>
				<Index>0x60</Index>
			</Texture>
			<Texture>
				<File>lofiProjs</File>
				<Index>0x61</Index>
			</Texture>
			<Texture>
				<File>lofiProjs</File>
				<Index>0x62</Index>
			</Texture>
		</RandomTexture>
		<Rotation>185</Rotation>
	</Object>
	<Object type="0x00bc" id="Rainbow Blaster">
		<Class>Projectile</Class>
		<Texture>
			<File>lofiProjs</File>
			<Index>0x63</Index>
		</Texture>
		<AngleCorrection>1</AngleCorrection>
	</Object>
	<Object type="0x00bd" id="Chicken Leg">
		<Class>Projectile</Class>
		<Texture>
			<File>lofiObj</File>
			<Index>0x1d</Index>
		</Texture>
		<Rotation>90</Rotation>
	</Object>
	<Object type="0x00be" id="Rainbow Baller">
		<Class>Projectile</Class>
		<Texture>
			<File>lofiProjs</File>
			<Index>0x64</Index>
		</Texture>
	</Object>
	<Object type="0x00bf" id="Planet Shot">
		<Class>Projectile</Class>
		<Texture>
			<File>lofiProjs</File>
			<Index>0x65</Index>
		</Texture>
		<AngleCorrection>1</AngleCorrection>
	</Object>
	<Object type="0x00c0" id="Moon Shot">
		<Class>Projectile</Class>
		<Texture>
			<File>lofiProjs</File>
			<Index>0x66</Index>
		</Texture>
		<AngleCorrection>1</AngleCorrection>
	</Object>
	<Object type="0x00c1" id="White Orb">
		<Class>Projectile</Class>
		<Texture>
			<File>lofiProjs</File>
			<Index>0x67</Index>
		</Texture>
	</Object>
	<Object type="0x00c2" id="White Orbiter">
		<Class>Projectile</Class>
		<Texture>
			<File>lofiProjs</File>
			<Index>0x68</Index>
		</Texture>
	</Object>
	<Object type="0x00c3" id="White Superblast">
		<Class>Projectile</Class>
		<Texture>
			<File>lofiProjsBig</File>
			<Index>0x09</Index>
		</Texture>
		<AngleCorrection>1</AngleCorrection>
	</Object>
	<Object type="0x00c4" id="White Ball">
		<Class>Projectile</Class>
		<Texture>
			<File>lofiProjs</File>
			<Index>0x69</Index>
		</Texture>
	</Object>
	<Object type="0x00c5" id="White Ball Blast">
		<Class>Projectile</Class>
		<Texture>
			<File>lofiProjs</File>
			<Index>0x6a</Index>
		</Texture>
		<AngleCorrection>1</AngleCorrection>
	</Object>
	<Object type="0x00c6" id="White Star Stunner">
		<Class>Projectile</Class>
		<Texture>
			<File>lofiProjs</File>
			<Index>0x6b</Index>
		</Texture>
		<Rotation>70</Rotation>
	</Object>
	<Object type="0x00c7" id="Black Eye">
		<Class>Projectile</Class>
		<Texture>
			<File>lofiProjs</File>
			<Index>0x6c</Index>
		</Texture>
		<AngleCorrection>1</AngleCorrection>
	</Object>
	<Object type="0x00c8" id="White Blue Bubble">
		<Class>Projectile</Class>
		<Texture>
			<File>lofiProjs</File>
			<Index>0x6d</Index>
		</Texture>
	</Object>
	<Object type="0x00c9" id="White Planet Blast">
		<Class>Projectile</Class>
		<Texture>
			<File>lofiProjs</File>
			<Index>0x6e</Index>
		</Texture>
		<AngleCorrection>1</AngleCorrection>
	</Object>
	<Object type="0x00ca" id="Assassin Swipe">
		<Class>Projectile</Class>
		<Texture>
			<File>lofiProjs</File>
			<Index>0x6f</Index>
		</Texture>
		<AngleCorrection>1</AngleCorrection>
	</Object>
	<Object type="0x00cb" id="Assassin Slash">
		<Class>Projectile</Class>
		<Texture>
			<File>lofiProjs</File>
			<Index>0x70</Index>
		</Texture>
		<AngleCorrection>1</AngleCorrection>
	</Object>
	<Object type="0x00cc" id="Snakepit Dart">
		<Class>Projectile</Class>
		<Texture>
			<File>lofiObj3</File>
			<Index>0x46</Index>
		</Texture>
		<AngleCorrection>1</AngleCorrection>
	</Object>
	<Object type="0x00cd" id="Snake Spit">
		<Class>Projectile</Class>
		<Texture>
			<File>lofiObj3</File>
			<Index>0x47</Index>
		</Texture>
		<AngleCorrection>1</AngleCorrection>
	</Object>
	<Object type="0x00ce" id="Snake Spinner">
		<Class>Projectile</Class>
		<Texture>
			<File>lofiObj3</File>
			<Index>0x48</Index>
		</Texture>
		<Rotation>90</Rotation>
	</Object>
	<Object type="0x00cf" id="Snake Ball Spinner">
		<Class>Projectile</Class>
		<Texture>
			<File>lofiObj3</File>
			<Index>0x49</Index>
		</Texture>
		<Rotation>120</Rotation>
	</Object>
	<Object type="0x00d0" id="Rat Tail">
		<Class>Projectile</Class>
		<Texture>
			<File>lofiObj3</File>
			<Index>0x4a</Index>
		</Texture>
		<Rotation>120</Rotation>
	</Object>
	<Object type="0x00d1" id="Ghost Swipe">
		<Class>Projectile</Class>
		<Texture>
			<File>lofiObj3</File>
			<Index>0x4b</Index>
		</Texture>
	</Object>
	<Object type="0x00d2" id="Lanturn Blast">
		<Class>Projectile</Class>
		<Texture>
			<File>lofiObj3</File>
			<Index>0x4c</Index>
		</Texture>
		<AngleCorrection>1</AngleCorrection>
	</Object>
	<Object type="0x00d3" id="Idol Blast">
		<Class>Projectile</Class>
		<Texture>
			<File>lofiObj3</File>
			<Index>0x4d</Index>
		</Texture>
		<AngleCorrection>1</AngleCorrection>
	</Object>
	<Object type="0x00d4" id="Idol Wave">
		<Class>Projectile</Class>
		<Texture>
			<File>lofiObj3</File>
			<Index>0x4e</Index>
		</Texture>
		<AngleCorrection>1</AngleCorrection>
	</Object>
	<Object type="0x00d5" id="Lightning Blast">
		<Class>Projectile</Class>
		<Texture>
			<File>lofiObj3</File>
			<Index>0x4f</Index>
		</Texture>
		<AngleCorrection>1</AngleCorrection>
	</Object>
	<Object type="0x00d6" id="Eye Laser">
		<Class>Projectile</Class>
		<Texture>
			<File>lofiObj3</File>
			<Index>0x55</Index>
		</Texture>
	</Object>
	<Object type="0x00d7" id="Zombie Shot">
		<Class>Projectile</Class>
		<Texture>
			<File>lofiObj3</File>
			<Index>0xd7</Index>
		</Texture>
		<AngleCorrection>1</AngleCorrection>
	</Object>
	<Object type="0x00d8" id="Fish Shot">
		<Class>Projectile</Class>
		<Texture>
			<File>lofiObj3</File>
			<Index>0xd8</Index>
		</Texture>
		<AngleCorrection>1</AngleCorrection>
	</Object>
	<Object type="0x00d9" id="Roger Blast">
		<Class>Projectile</Class>
		<Texture>
			<File>lofiObj3</File>
			<Index>0xd9</Index>
		</Texture>
	</Object>
	<Object type="0x00da" id="Roger Bolt">
		<Class>Projectile</Class>
		<Texture>
			<File>lofiObj3</File>
			<Index>0xda</Index>
		</Texture>
		<AngleCorrection>1</AngleCorrection>
	</Object>
	<Object type="0x00db" id="Spirit Bolt">
		<Class>Projectile</Class>
		<Texture>
			<File>lofiObj3</File>
			<Index>0xdb</Index>
		</Texture>
		<AngleCorrection>1</AngleCorrection>
	</Object>
	<Object type="0x00dc" id="Ghost Boss Slash">
		<Class>Projectile</Class>
		<Texture>
			<File>lofiObj3</File>
			<Index>0xdc</Index>
		</Texture>
		<AngleCorrection>1</AngleCorrection>
	</Object>
	<Object type="0x00dd" id="Ghost Sr Slash">
		<Class>Projectile</Class>
		<Texture>
			<File>lofiObj3</File>
			<Index>0xdd</Index>
		</Texture>
		<AngleCorrection>1</AngleCorrection>
	</Object>
	<Object type="0x00de" id="Ghost Boss Spinner">
		<Class>Projectile</Class>
		<Texture>
			<File>lofiObj3</File>
			<Index>0xde</Index>
		</Texture>
		<Rotation>-120</Rotation>
	</Object>
	<Object type="0x00df" id="Spirit Dagger Slash">
		<Class>Projectile</Class>
		<Texture>
			<File>lofiObj3</File>
			<Index>0xe3</Index>
		</Texture>
		<AngleCorrection>1</AngleCorrection>
	</Object>
	<Object type="0x00e0" id="Ghostly Arrow">
		<Class>Projectile</Class>
		<Texture>
			<File>lofiObj3</File>
			<Index>0x15b</Index>
		</Texture>
		<AngleCorrection>1</AngleCorrection>
	</Object>
	<Object type="0x00e1" id="Lightning Bolt">
		<Class>Projectile</Class>
		<Texture>
			<File>lofiObj3</File>
			<Index>0x15c</Index>
		</Texture>
		<AngleCorrection>1</AngleCorrection>
	</Object>
	<Object type="0x00e2" id="Cannonball">
		<Class>Projectile</Class>
		<Texture>
			<File>lofiObj3</File>
			<Index>0x15d</Index>
		</Texture>
	</Object>
	<Object type="0x00e3" id="Giant Cannonball">
		<Class>Projectile</Class>
		<Texture>
			<File>lofiObjBig</File>
			<Index>0x3b</Index>
		</Texture>
	</Object>
	<Object type="0x00e4" id="Skull Bolt">
		<Class>Projectile</Class>
		<Texture>
			<File>lofiObj3</File>
			<Index>0x15e</Index>
		</Texture>
		<AngleCorrection>1</AngleCorrection>
	</Object>
	<Object type="0x00e5" id="Red Gas">
		<Class>Projectile</Class>
		<Texture>
			<File>lofiObj3</File>
			<Index>0x15f</Index>
		</Texture>
		<AngleCorrection>1</AngleCorrection>
	</Object>
	<Object type="0x00e6" id="Green Gas">
		<Class>Projectile</Class>
		<Texture>
			<File>lofiObj3</File>
			<Index>0x160</Index>
		</Texture>
		<AngleCorrection>1</AngleCorrection>
	</Object>
	<Object type="0x00e7" id="Directed Explosion">
		<Class>Projectile</Class>
		<Texture>
			<File>lofiObj3</File>
			<Index>0x161</Index>
		</Texture>
	</Object>
	<Object type="0x00e8" id="Z Blast">
		<Class>Projectile</Class>
		<Texture>
			<File>lofiObj3</File>
			<Index>0x162</Index>
		</Texture>
		<AngleCorrection>1</AngleCorrection>
	</Object>
	<Object type="0x00e9" id="Ghostly Blast">
		<Class>Projectile</Class>
		<Texture>
			<File>lofiObj3</File>
			<Index>0x163</Index>
		</Texture>
		<AngleCorrection>1</AngleCorrection>
	</Object>
	<Object type="0x00ea" id="Shockwave Blast">
		<Class>Projectile</Class>
		<Texture>
			<File>lofiObj3</File>
			<Index>0x164</Index>
		</Texture>
	</Object>
	<Object type="0x00eb" id="Robot Attack">
		<Class>Projectile</Class>
		<Texture>
			<File>lofiObj3</File>
			<Index>0x165</Index>
		</Texture>
		<AngleCorrection>1</AngleCorrection>
	</Object>
	<Object type="0x00ec" id="Goo Attack">
		<Class>Projectile</Class>
		<Texture>
			<File>lofiObj3</File>
			<Index>0x199</Index>
		</Texture>
	</Object>
	<Object type="0x00ed" id="Psychic Attack">
		<Class>Projectile</Class>
		<Texture>
			<File>lofiObj3</File>
			<Index>0x19a</Index>
		</Texture>
	</Object>
	<Object type="0x00ee" id="Beach Ball Bullet">
		<Class>Projectile</Class>
		<Texture>
			<File>lofiObj3</File>
			<Index>0x19b</Index>
		</Texture>
	</Object>
	<Object type="0x00ef" id="Blade Spiral">
		<Class>Projectile</Class>
		<Texture>
			<File>lofiObj</File>
			<Index>0xf6</Index>
		</Texture>
		<Rotation>60</Rotation>
	</Object>
	<Object type="0x00f0" id="Sonic Bat Boom">
		<Class>Projectile</Class>
		<Texture>
			<File>lofiObj3</File>
			<Index>0x1c7</Index>
		</Texture>
		<AngleCorrection>1</AngleCorrection>
	</Object>
	<Object type="0x00f1" id="Sonic Bat Spinner">
		<Class>Projectile</Class>
		<Texture>
			<File>lofiObj3</File>
			<Index>0x1c8</Index>
		</Texture>
		<Rotation>60</Rotation>
	</Object>
	<Object type="0x00f2" id="Purple Energy Shot">
		<Class>Projectile</Class>
		<Texture>
			<File>lofiObj3</File>
			<Index>0x1c9</Index>
		</Texture>
		<Rotation>60</Rotation>
	</Object>
	<Object type="0x00f3" id="Yellow Energy Shot">
		<Class>Projectile</Class>
		<Texture>
			<File>lofiObj3</File>
			<Index>0x1ca</Index>
		</Texture>
		<Rotation>60</Rotation>
	</Object>
	<Object type="0x00f4" id="H Creation Energy">
		<Class>Projectile</Class>
		<Texture>
			<File>lofiObjBig</File>
			<Index>0x5d</Index>
		</Texture>
	</Object>
	<Object type="0x00f5" id="H Creation Shockwave">
		<Class>Projectile</Class>
		<Texture>
			<File>lofiObj3</File>
			<Index>0x1cb</Index>
		</Texture>
		<AngleCorrection>1</AngleCorrection>
	</Object>
	<Object type="0x00f6" id="H Creation Blast">
		<Class>Projectile</Class>
		<Texture>
			<File>lofiObjBig</File>
			<Index>0x5e</Index>
		</Texture>
		<AngleCorrection>1</AngleCorrection>
	</Object>
	<Object type="0x00f7" id="H Creation Wave">
		<Class>Projectile</Class>
		<Texture>
			<File>lofiObj3</File>
			<Index>0x1cc</Index>
		</Texture>
		<AngleCorrection>1</AngleCorrection>
	</Object>
	<Object type="0x00f8" id="H Baby Blast">
		<Class>Projectile</Class>
		<Texture>
			<File>lofiObj3</File>
			<Index>0x1cd</Index>
		</Texture>
		<AngleCorrection>1</AngleCorrection>
	</Object>
	<Object type="0x00f9" id="Science Confuse Spin">
		<Class>Projectile</Class>
		<Texture>
			<File>lofiObj3</File>
			<Index>0x1fc</Index>
		</Texture>
		<Rotation>60</Rotation>
	</Object>
	<Object type="0x00fa" id="Science Fire Ball">
		<Class>Projectile</Class>
		<Texture>
			<File>lofiObj3</File>
			<Index>0x1fd</Index>
		</Texture>
	</Object>
	<Object type="0x00fb" id="Katana Slash">
		<Class>Projectile</Class>
		<Texture>
			<File>lofiObj3</File>
			<Index>0x245</Index>
		</Texture>
		<AngleCorrection>1</AngleCorrection>
	</Object>
	<Object type="0x00fc" id="Kendo Slash">
		<Class>Projectile</Class>
		<Texture>
			<File>lofiObj3</File>
			<Index>0x246</Index>
		</Texture>
		<AngleCorrection>1</AngleCorrection>
	</Object>
	<Object type="0x00fd" id="Line Slash">
		<Class>Projectile</Class>
		<Texture>
			<File>lofiObj3</File>
			<Index>0x247</Index>
		</Texture>
		<AngleCorrection>1</AngleCorrection>
	</Object>
	<Object type="0x00fe" id="Night Slash">
		<Class>Projectile</Class>
		<Texture>
			<File>lofiObj3</File>
			<Index>0x248</Index>
		</Texture>
		<AngleCorrection>1</AngleCorrection>
	</Object>
	<Object type="0x00ff" id="Sky Slash">
		<Class>Projectile</Class>
		<Texture>
			<File>lofiObj3</File>
			<Index>0x249</Index>
		</Texture>
		<AngleCorrection>1</AngleCorrection>
	</Object>
	<Object type="0x2100" id="Buster Slash">
		<Class>Projectile</Class>
		<Texture>
			<File>lofiObj3</File>
			<Index>0x24a</Index>
		</Texture>
		<AngleCorrection>1</AngleCorrection>
	</Object>
	<Object type="0x2101" id="Demon Slash">
		<Class>Projectile</Class>
		<Texture>
			<File>lofiObj3</File>
			<Index>0x24b</Index>
		</Texture>
		<AngleCorrection>1</AngleCorrection>
	</Object>
	<Object type="0x2102" id="Jewel Slash">
		<Class>Projectile</Class>
		<Texture>
			<File>lofiObj3</File>
			<Index>0x24c</Index>
		</Texture>
		<AngleCorrection>1</AngleCorrection>
	</Object>
	<Object type="0x2103" id="Ichimonji Slash">
		<Class>Projectile</Class>
		<Texture>
			<File>lofiObj3</File>
			<Index>0x24d</Index>
		</Texture>
		<AngleCorrection>1</AngleCorrection>
	</Object>
	<Object type="0x2104" id="Muramasa Slash">
		<Class>Projectile</Class>
		<Texture>
			<File>lofiObj3</File>
			<Index>0x24e</Index>
		</Texture>
		<AngleCorrection>1</AngleCorrection>
	</Object>
	<Object type="0x2105" id="Masamune Slash">
		<Class>Projectile</Class>
		<Texture>
			<File>lofiObj3</File>
			<Index>0x24f</Index>
		</Texture>
		<AngleCorrection>1</AngleCorrection>
	</Object>
	<Object type="0x2106" id="Celestial Slash">
		<Class>Projectile</Class>
		<RandomTexture>
			<Texture>
				<File>lofiObj3</File>
				<Index>0x250</Index>
			</Texture>
			<Texture>
				<File>lofiObj3</File>
				<Index>0x251</Index>
			</Texture>
			<Texture>
				<File>lofiObj3</File>
				<Index>0x252</Index>
			</Texture>
			<Texture>
				<File>lofiObj3</File>
				<Index>0x253</Index>
			</Texture>
			<Texture>
				<File>lofiObj3</File>
				<Index>0x254</Index>
			</Texture>
			<Texture>
				<File>lofiObj3</File>
				<Index>0x255</Index>
			</Texture>
		</RandomTexture>
		<AngleCorrection>1</AngleCorrection>
	</Object>
	<Object type="0x2107" id="Beam Slash">
		<Class>Projectile</Class>
		<Texture>
			<File>lofiObj3</File>
			<Index>0x257</Index>
		</Texture>
		<AngleCorrection>1</AngleCorrection>
	</Object>
	<Object type="0x2108" id="Ninja Star Basic">
		<Class>Projectile</Class>
		<Texture>
			<File>lofiObj3</File>
			<Index>0x258</Index>
		</Texture>
		<Rotation>70</Rotation>
	</Object>
	<Object type="0x2109" id="Ninja Star Four-Point">
		<Class>Projectile</Class>
		<Texture>
			<File>lofiObj3</File>
			<Index>0x259</Index>
		</Texture>
		<Rotation>70</Rotation>
	</Object>
	<Object type="0x210a" id="Ninja Star Spiral">
		<Class>Projectile</Class>
		<Texture>
			<File>lofiObj3</File>
			<Index>0x25a</Index>
		</Texture>
		<Rotation>70</Rotation>
	</Object>
	<Object type="0x210b" id="Ninja Star Silver">
		<Class>Projectile</Class>
		<Texture>
			<File>lofiObj3</File>
			<Index>0x25b</Index>
		</Texture>
		<Rotation>-75</Rotation>
	</Object>
	<Object type="0x210c" id="Ninja Star Wind">
		<Class>Projectile</Class>
		<Texture>
			<File>lofiObj3</File>
			<Index>0x25c</Index>
		</Texture>
		<Rotation>-95</Rotation>
	</Object>
	<Object type="0x210d" id="Ninja Star Ice">
		<Class>Projectile</Class>
		<Texture>
			<File>lofiObj3</File>
			<Index>0x25d</Index>
		</Texture>
		<Rotation>75</Rotation>
	</Object>
	<Object type="0x210e" id="Ninja Star Doom">
		<Class>Projectile</Class>
		<Texture>
			<File>lofiObj3</File>
			<Index>0x25e</Index>
		</Texture>
		<Rotation>80</Rotation>
	</Object>
	<Object type="0x210f" id="Ninja Star Midnight">
		<Class>Projectile</Class>
		<Texture>
			<File>lofiObj3</File>
			<Index>0x25f</Index>
		</Texture>
		<Rotation>-100</Rotation>
	</Object>
	<Object type="0x2110" id="Stinger">
		<Class>Projectile</Class>
		<Texture>
			<File>lofiObj3</File>
			<Index>0x260</Index>
		</Texture>
		<AngleCorrection>1</AngleCorrection>
	</Object>
	<Object type="0x2111" id="EggSack">
		<Class>Projectile</Class>
		<Texture>
			<File>lofiObj3</File>
			<Index>0x261</Index>
		</Texture>
	</Object>
	<Object type="0x2112" id="Dagger Throw">
		<Class>Projectile</Class>
		<Texture>
			<File>lofiObj3</File>
			<Index>0x262</Index>
		</Texture>
	</Object>
	<Object type="0x2113" id="Golden Blast">
		<Class>Projectile</Class>
		<Texture>
			<File>lofiObj3</File>
			<Index>0x263</Index>
		</Texture>
	</Object>
	<Object type="0x2114" id="Golden Coin">
		<Class>Projectile</Class>
		<Texture>
			<File>lofiObj3</File>
			<Index>0x264</Index>
		</Texture>
	</Object>
	<Object type="0x2115" id="Ruby">
		<Class>Projectile</Class>
		<Texture>
			<File>lofiObj3</File>
			<Index>0x265</Index>
		</Texture>
	</Object>
	<Object type="0x2116" id="Emerald">
		<Class>Projectile</Class>
		<Texture>
			<File>lofiObj3</File>
			<Index>0x266</Index>
		</Texture>
	</Object>
	<Object type="0x2117" id="Gold Fireball">
		<Class>Projectile</Class>
		<Texture>
			<File>lofiObj3</File>
			<Index>0x267</Index>
		</Texture>
	</Object>
	<Object type="0x2118" id="Beer Barrel">
		<Class>Projectile</Class>
		<Texture>
			<File>lofiObj3</File>
			<Index>0x268</Index>
		</Texture>
		<Rotation>140</Rotation>
	</Object>
	<Object type="0x2119" id="Grey Spiral">
		<Class>Projectile</Class>
		<Texture>
			<File>lofiObj3</File>
			<Index>0x269</Index>
		</Texture>
		<Rotation>100</Rotation>
	</Object>
	<Object type="0x211a" id="Beer Shockwave">
		<Class>Projectile</Class>
		<Texture>
			<File>lofiObj3</File>
			<Index>0x26a</Index>
		</Texture>
		<AngleCorrection>1</AngleCorrection>
	</Object>
	<Object type="0x211b" id="Beer Bottle">
		<Class>Projectile</Class>
		<Texture>
			<File>lofiObj3</File>
			<Index>0x26b</Index>
		</Texture>
		<AngleCorrection>1</AngleCorrection>
	</Object>
	<Object type="0x211c" id="Crystal Shard">
		<Class>Projectile</Class>
		<Texture>
			<File>lofiObj3</File>
			<Index>0x26c</Index>
		</Texture>
		<AngleCorrection>1</AngleCorrection>
	</Object>
	<Object type="0x211d" id="Unicorn Horn">
		<Class>Projectile</Class>
		<Texture>
			<File>lofiObj3</File>
			<Index>0x2a6</Index>
		</Texture>
		<AngleCorrection>1</AngleCorrection>
	</Object>
	<Object type="0x211e" id="Cream Shot">
		<Class>Projectile</Class>
		<Texture>
			<File>lofiObj3</File>
			<Index>0x2a7</Index>
		</Texture>
		<AngleCorrection>1</AngleCorrection>
	</Object>
	<Object type="0x211f" id="Cream Bullet">
		<Class>Projectile</Class>
		<Texture>
			<File>lofiObj3</File>
			<Index>0x2a8</Index>
		</Texture>
		<AngleCorrection>1</AngleCorrection>
	</Object>
	<Object type="0x2120" id="Cream Ball">
		<Class>Projectile</Class>
		<Texture>
			<File>lofiObj3</File>
			<Index>0x2a9</Index>
		</Texture>
		<Rotation>90</Rotation>
	</Object>
	<Object type="0x2121" id="Purple Rototo Blast">
		<Class>Projectile</Class>
		<Texture>
			<File>lofiObj3</File>
			<Index>0x2aa</Index>
		</Texture>
		<AngleCorrection>1</AngleCorrection>
	</Object>
	<Object type="0x2122" id="Red Rototo Blast">
		<Class>Projectile</Class>
		<Texture>
			<File>lofiObj3</File>
			<Index>0x2ab</Index>
		</Texture>
		<AngleCorrection>1</AngleCorrection>
	</Object>
	<Object type="0x2123" id="Hard Candy Stake">
		<Class>Projectile</Class>
		<Texture>
			<File>lofiObj3</File>
			<Index>0x2ac</Index>
		</Texture>
		<AngleCorrection>1</AngleCorrection>
	</Object>
	<Object type="0x2124" id="Magic Sparkle">
		<Class>Projectile</Class>
		<RandomTexture>
			<Texture>
				<File>lofiObj3</File>
				<Index>0x2ad</Index>
			</Texture>
			<Texture>
				<File>lofiObj3</File>
				<Index>0x2ae</Index>
			</Texture>
			<Texture>
				<File>lofiObj3</File>
				<Index>0x2af</Index>
			</Texture>
		</RandomTexture>
		<Rotation>90</Rotation>
	</Object>
	<Object type="0x2125" id="Magic Star">
		<Class>Projectile</Class>
		<Texture>
			<File>lofiObj3</File>
			<Index>0x2b0</Index>
		</Texture>
		<Rotation>90</Rotation>
	</Object>
	<Object type="0x2126" id="Troll Hair Whip">
		<Class>Projectile</Class>
		<Texture>
			<File>lofiObj3</File>
			<Index>0x2b1</Index>
		</Texture>
		<Rotation>80</Rotation>
	</Object>
	<Object type="0x2127" id="Rainbow Brick">
		<Class>Projectile</Class>
		<Texture>
			<File>lofiObj3</File>
			<Index>0x2b2</Index>
		</Texture>
		<AngleCorrection>1</AngleCorrection>
	</Object>
	<Object type="0x2128" id="Icecream Bullet">
		<Class>Projectile</Class>
		<Texture>
			<File>lofiObj3</File>
			<Index>0x2b3</Index>
		</Texture>
		<AngleCorrection>1</AngleCorrection>
	</Object>
	<Object type="0x2129" id="Pink Star">
		<Class>Projectile</Class>
		<Texture>
			<File>lofiObj3</File>
			<Index>0x2b4</Index>
		</Texture>
		<Rotation>80</Rotation>
	</Object>
	<Object type="0x212a" id="Pink Slash">
		<Class>Projectile</Class>
		<Texture>
			<File>lofiObj3</File>
			<Index>0x2b5</Index>
		</Texture>
		<AngleCorrection>1</AngleCorrection>
	</Object>
	<Object type="0x212b" id="Flame Breath">
		<Class>Projectile</Class>
		<RandomTexture>
			<Texture>
				<File>lofiObj3</File>
				<Index>0x2b6</Index>
			</Texture>
			<Texture>
				<File>lofiObj3</File>
				<Index>0x2b7</Index>
			</Texture>
			<Texture>
				<File>lofiObj3</File>
				<Index>0x2b8</Index>
			</Texture>
			<Texture>
				<File>lofiObj3</File>
				<Index>0x2b9</Index>
			</Texture>
		</RandomTexture>
		<AngleCorrection>1</AngleCorrection>
		<Rotation>70</Rotation>
	</Object>
	<Object type="0x212c" id="Skeleton Attack">
		<Class>Projectile</Class>
		<Texture>
			<File>lofiObj3</File>
			<Index>0x2ef</Index>
		</Texture>
	</Object>
	<Object type="0x212d" id="Troll 1 Attack 1">
		<Class>Projectile</Class>
		<Texture>
			<File>lofiChar216x8</File>
			<Index>0x0e</Index>
		</Texture>
	</Object>
	<Object type="0x212e" id="Troll 2 Attack 1">
		<Class>Projectile</Class>
		<Texture>
			<File>lofiObj3</File>
			<Index>0x2f0</Index>
		</Texture>
		<Rotation>100</Rotation>
	</Object>
	<Object type="0x212f" id="Troll 3 Attack 1">
		<Class>Projectile</Class>
		<Texture>
			<File>lofiObj3</File>
			<Index>0x2f1</Index>
		</Texture>
	</Object>
	<Object type="0x2130" id="Ghost Bride Attack 1">
		<Class>Projectile</Class>
		<Texture>
			<File>lofiObj3</File>
			<Index>0x2f2</Index>
		</Texture>
		<Rotation>100</Rotation>
	</Object>
	<Object type="0x2131" id="Angry Ghost">
		<Class>Projectile</Class>
		<Texture>
			<File>lofiObj3</File>
			<Index>0x2f3</Index>
		</Texture>
		<AngleCorrection>-.5</AngleCorrection>
	</Object>
	<Object type="0x2132" id="Purple Magic Blast">
		<Class>Projectile</Class>
		<Texture>
			<File>lofiObj3</File>
			<Index>0x2f1</Index>
		</Texture>
	</Object>
	<Object type="0x2133" id="Blue Ghost Blast">
		<Class>Projectile</Class>
		<Texture>
			<File>lofiObj3</File>
			<Index>0x2f4</Index>
		</Texture>
	</Object>
	<Object type="0x2134" id="Yellow Grey Ball">
		<Class>Projectile</Class>
		<Texture>
			<File>lofiObj3</File>
			<Index>0x2f5</Index>
		</Texture>
	</Object>
	<Object type="0x2135" id="Spider Bolt">
		<Class>Projectile</Class>
		<Texture>
			<File>lofiObj3</File>
			<Index>0x2f6</Index>
		</Texture>
	</Object>
	<Object type="0x2136" id="Vampire Attack">
		<Class>Projectile</Class>
		<Texture>
			<File>lofiObj3</File>
			<Index>0x2f7</Index>
		</Texture>
		<AngleCorrection>-1.5</AngleCorrection>
	</Object>
	<Object type="0x2137" id="Orange Pumpkin Wave">
		<Class>Projectile</Class>
		<Texture>
			<File>lofiObj3</File>
			<Index>0x2f8</Index>
		</Texture>
	</Object>
	<Object type="0x2138" id="Mummy Blast">
		<Class>Projectile</Class>
		<Texture>
			<File>lofiObj3</File>
			<Index>0x2f9</Index>
		</Texture>
	</Object>
	<Object type="0x2139" id="Ghost Big Blast">
		<Class>Projectile</Class>
		<Texture>
			<File>lofiObj3</File>
			<Index>0x2fa</Index>
		</Texture>
	</Object>
	<Object type="0x213a" id="Blue Zombie Wave">
		<Class>Projectile</Class>
		<Texture>
			<File>lofiObj3</File>
			<Index>0x31c</Index>
		</Texture>
	</Object>
	<Object type="0x213b" id="Ghost Cross">
		<Class>Projectile</Class>
		<Texture>
			<File>lofiObj3</File>
			<Index>0x31d</Index>
		</Texture>
		<AngleCorrection>1</AngleCorrection>
	</Object>
	<Object type="0x213c" id="Ghost X">
		<Class>Projectile</Class>
		<Texture>
			<File>lofiObj3</File>
			<Index>0x31e</Index>
		</Texture>
		<Rotation>100</Rotation>
	</Object>
	<Object type="0x213d" id="Skull Wave">
		<Class>Projectile</Class>
		<Texture>
			<File>lofiObj3</File>
			<Index>0x31f</Index>
		</Texture>
		<AngleCorrection>1</AngleCorrection>
	</Object>
	<Object type="0x213e" id="Giga Ghost X">
		<Class>Projectile</Class>
		<Texture>
			<File>lofiObjBig</File>
			<Index>0x96</Index>
		</Texture>
		<Rotation>120</Rotation>
	</Object>
	<Object type="0x213f" id="Big Zombie Wave">
		<Class>Projectile</Class>
		<Texture>
			<File>lofiObj3</File>
			<Index>0x320</Index>
		</Texture>
		<AngleCorrection>1</AngleCorrection>
	</Object>
	<Object type="0x2140" id="Big Zombie Blast">
		<Class>Projectile</Class>
		<Texture>
			<File>lofiObj3</File>
			<Index>0x321</Index>
		</Texture>
		<AngleCorrection>1</AngleCorrection>
	</Object>
	<Object type="0x2141" id="White Ghost Shot">
		<Class>Projectile</Class>
		<Texture>
			<File>lofiObj3</File>
			<Index>0x322</Index>
		</Texture>
		<AngleCorrection>1</AngleCorrection>
	</Object>
	<Object type="0x2142" id="Wereshot">
		<Class>Projectile</Class>
		<Texture>
			<File>lofiObj3</File>
			<Index>0x323</Index>
		</Texture>
	</Object>
	<Object type="0x2143" id="Wereblast">
		<Class>Projectile</Class>
		<Texture>
			<File>lofiObj3</File>
			<Index>0x324</Index>
		</Texture>
		<AngleCorrection>1</AngleCorrection>
	</Object>
	<Object type="0x2144" id="Stick Throw">
		<Class>Projectile</Class>
		<Texture>
			<File>lofiObj3</File>
			<Index>0x325</Index>
		</Texture>
		<Rotation>100</Rotation>
	</Object>
	<Object type="0x2145" id="Orange Pumpkin Blast">
		<Class>Projectile</Class>
		<Texture>
			<File>lofiObj3</File>
			<Index>0x326</Index>
		</Texture>
	</Object>
	<Object type="0x2146" id="Orange Shot">
		<Class>Projectile</Class>
		<Texture>
			<File>lofiObj3</File>
			<Index>0x327</Index>
		</Texture>
	</Object>
	<Object type="0x2147" id="Demon Fire Blast">
		<Class>Projectile</Class>
		<Texture>
			<File>lofiObj3</File>
			<Index>0x328</Index>
		</Texture>
	</Object>
	<Object type="0x2148" id="Horseman Blast">
		<Class>Projectile</Class>
		<Texture>
			<File>lofiObj3</File>
			<Index>0x329</Index>
		</Texture>
	</Object>
	<Object type="0x2149" id="Nature Wave">
		<Class>Projectile</Class>
		<Texture>
			<File>lofiObj3</File>
			<Index>0x32a</Index>
		</Texture>
	</Object>
	<Object type="0x214a" id="Big Fireball">
		<Class>Projectile</Class>
		<Texture>
			<File>lofiObj3</File>
			<Index>0x372</Index>
		</Texture>
		<AngleCorrection>1</AngleCorrection>
	</Object>
	<Object type="0x214b" id="Poison Fireball">
		<Class>Projectile</Class>
		<Texture>
			<File>lofiObj3</File>
			<Index>0x373</Index>
		</Texture>
		<AngleCorrection>1</AngleCorrection>
	</Object>
	<Object type="0x214c" id="Blue Magic Attack">
		<Class>Projectile</Class>
		<Texture>
			<File>lofiObj3</File>
			<Index>0x374</Index>
		</Texture>
	</Object>
	<Object type="0x214d" id="Icey Magic Attack">
		<Class>Projectile</Class>
		<Texture>
			<File>lofiObj3</File>
			<Index>0x375</Index>
		</Texture>
	</Object>
	<Object type="0x214e" id="Yetti Attack SM">
		<Class>Projectile</Class>
		<Texture>
			<File>lofiObj3</File>
			<Index>0x376</Index>
		</Texture>
	</Object>
	<Object type="0x214f" id="Moth Dust">
		<Class>Projectile</Class>
		<RandomTexture>
			<Texture>
				<File>lofiObj3</File>
				<Index>0x39c</Index>
			</Texture>
			<Texture>
				<File>lofiObj3</File>
				<Index>0x39d</Index>
			</Texture>
			<Texture>
				<File>lofiObj3</File>
				<Index>0x39e</Index>
			</Texture>
			<Texture>
				<File>lofiObj3</File>
				<Index>0x39f</Index>
			</Texture>
			<Texture>
				<File>lofiObj3</File>
				<Index>0x3a0</Index>
			</Texture>
		</RandomTexture>
		<Rotation>350</Rotation>
	</Object>
	<Object type="0x2150" id="Small Moth Bullet">
		<Class>Projectile</Class>
		<Texture>
			<File>lofiObj3</File>
			<Index>0x3a1</Index>
		</Texture>
		<AngleCorrection>1</AngleCorrection>
	</Object>
	<Object type="0x2151" id="Leaf Magic">
		<Class>Projectile</Class>
		<Texture>
			<File>lofiObj3</File>
			<Index>0x3a2</Index>
		</Texture>
		<AngleCorrection>1</AngleCorrection>
	</Object>
	<Object type="0x2152" id="Acorn">
		<Class>Projectile</Class>
		<Texture>
			<File>lofiObj3</File>
			<Index>0x3a3</Index>
		</Texture>
		<Rotation>120</Rotation>
	</Object>
	<Object type="0x2153" id="Fire Bust Shot">
		<Class>Projectile</Class>
		<Texture>
			<File>lofiObj3</File>
			<Index>0x3b0</Index>
		</Texture>
		<AngleCorrection>1</AngleCorrection>
	</Object>
	<Object type="0x2154" id="Fire Storm">
		<Class>Projectile</Class>
		<RandomTexture>
			<Texture>
				<File>lofiObjBig</File>
				<Index>0xb3</Index>
			</Texture>
			<Texture>
				<File>lofiObjBig</File>
				<Index>0xb4</Index>
			</Texture>
			<Texture>
				<File>lofiObjBig</File>
				<Index>0xb4</Index>
			</Texture>
			<Texture>
				<File>lofiObjBig</File>
				<Index>0xba</Index>
			</Texture>
		</RandomTexture>
		<Rotation>80</Rotation>
	</Object>
	<Object type="0x2155" id="Dragon Attack Red Firewave">
		<Class>Projectile</Class>
		<Texture>
			<File>lofiObjBig</File>
			<Index>0xbc</Index>
		</Texture>
		<AngleCorrection>1</AngleCorrection>
	</Object>
	<Object type="0x2156" id="Dragon Attack Red Big Fireball">
		<Class>Projectile</Class>
		<Texture>
			<File>lofiObjBig</File>
			<Index>0xbd</Index>
		</Texture>
		<AngleCorrection>1</AngleCorrection>
	</Object>
	<Object type="0x2157" id="Dragon Attack Blue Fireball">
		<Class>Projectile</Class>
		<Texture>
			<File>lofiObj3</File>
			<Index>0x3b6</Index>
		</Texture>
		<Rotation>120</Rotation>
	</Object>
	<Object type="0x2158" id="Dragon Attack Blue Blast">
		<Class>Projectile</Class>
		<Texture>
			<File>lofiObj3</File>
			<Index>0x3b7</Index>
		</Texture>
		<AngleCorrection>1</AngleCorrection>
	</Object>
	<Object type="0x2159" id="Dragon Attack Blue Bullet">
		<Class>Projectile</Class>
		<Texture>
			<File>lofiObj3</File>
			<Index>0x3b8</Index>
		</Texture>
		<AngleCorrection>0</AngleCorrection>
	</Object>
	<Object type="0x215A" id="Dragon Attack Green Bullet">
		<Class>Projectile</Class>
		<Texture>
			<File>lofiObj3</File>
			<Index>0x3b9</Index>
		</Texture>
		<AngleCorrection>1</AngleCorrection>
	</Object>
	<Object type="0x215B" id="Dragon Attack Green Ball">
		<Class>Projectile</Class>
		<Texture>
			<File>lofiObj3</File>
			<Index>0x3ba</Index>
		</Texture>
	</Object>
	<Object type="0x215C" id="Dragon Attack Green Spin Ball">
		<Class>Projectile</Class>
		<Texture>
			<File>lofiObjBig</File>
			<Index>0xbe</Index>
		</Texture>
		<Rotation>100</Rotation>
	</Object>
	<Object type="0x215D" id="Dragon Attack Green Arrow">
		<Class>Projectile</Class>
		<Texture>
			<File>lofiObjBig</File>
			<Index>0xbf</Index>
		</Texture>
		<AngleCorrection>1</AngleCorrection>
	</Object>
	<Object type="0x215E" id="Dragon Attack Green Spine">
		<Class>Projectile</Class>
		<Texture>
			<File>lofiObj3</File>
			<Index>0x3bb</Index>
		</Texture>
		<AngleCorrection>1</AngleCorrection>
	</Object>
	<Object type="0x215F" id="Dragon Attack Red Small Fireball">
		<Class>Projectile</Class>
		<Texture>
			<File>lofiObj3</File>
			<Index>0x3bc</Index>
		</Texture>
		<AngleCorrection>1</AngleCorrection>
	</Object>
	<Object type="0x2160" id="Dragon Attack Black Ray">
		<Class>Projectile</Class>
		<Texture>
			<File>lofiObjBig</File>
			<Index>0xbb</Index>
		</Texture>
		<AngleCorrection>1</AngleCorrection>
	</Object>
	<Object type="0x2161" id="Dragon Attack Black Spin">
		<Class>Projectile</Class>
		<Texture>
			<File>lofiObj3</File>
			<Index>0x3b1</Index>
		</Texture>
		<Rotation>100</Rotation>
	</Object>
	<Object type="0x2162" id="Dragon Attack Black Shot">
		<Class>Projectile</Class>
		<Texture>
			<File>lofiObj3</File>
			<Index>0x3b2</Index>
		</Texture>
		<AngleCorrection>1</AngleCorrection>
	</Object>
	<Object type="0x2163" id="Dragon Attack Black Bullet">
		<Class>Projectile</Class>
		<Texture>
			<File>lofiObj3</File>
			<Index>0x3b3</Index>
		</Texture>
	</Object>
	<Object type="0x2164" id="Dragon Attack Red Orb">
		<Class>Projectile</Class>
		<Texture>
			<File>lofiObj3</File>
			<Index>0x3b4</Index>
		</Texture>
	</Object>
	<Object type="0x2165" id="Dragon Attack Red Spinning Fireball">
		<Class>Projectile</Class>
		<Texture>
			<File>lofiObj3</File>
			<Index>0x3b5</Index>
		</Texture>
		<Rotation>100</Rotation>
	</Object>
	<Object type="0x2166" id="Body Bomb Blast">
		<Class>Projectile</Class>
		<Texture>
			<File>lofiObjBig</File>
			<Index>0xca</Index>
		</Texture>
		<AngleCorrection>1</AngleCorrection>
	</Object>
	<Object type="0x2167" id="Sonic Bat Boom Rock">
		<Class>Projectile</Class>
		<Texture>
			<File>lofiObj3</File>
			<Index>0x3bd</Index>
		</Texture>
		<AngleCorrection>1</AngleCorrection>
	</Object>
	<Object type="0x2168" id="Sonic Bat Spinner Rock">
		<Class>Projectile</Class>
		<Texture>
			<File>lofiObj3</File>
			<Index>0x3be</Index>
		</Texture>
		<Rotation>60</Rotation>
	</Object>
	<Object type="0x2169" id="Dragon Eye Laser">
		<Class>Projectile</Class>
		<Texture>
			<File>lofiObjBig</File>
			<Index>0xc2</Index>
		</Texture>
		<AngleCorrection>1</AngleCorrection>
	</Object>
	<Object type="0x216a" id="Dragon Eye Blast">
		<Class>Projectile</Class>
		<Texture>
			<File>lofiObjBig</File>
			<Index>0xc3</Index>
		</Texture>
		<AngleCorrection>1</AngleCorrection>
	</Object>
	<Object type="0x216b" id="Water Storm">
		<Class>Projectile</Class>
		<RandomTexture>
			<Texture>
				<File>lofiObj3</File>
				<Index>0x3d3</Index>
			</Texture>
			<Texture>
				<File>lofiObj3</File>
				<Index>0x3d4</Index>
			</Texture>
			<Texture>
				<File>lofiObj3</File>
				<Index>0x3d5</Index>
			</Texture>
		</RandomTexture>
		<Rotation>70</Rotation>
	</Object>
	<Object type="0x216c" id="Pet Bullet 1">
		<Class>Projectile</Class>
		<Texture>
			<File>lofiObj2</File>
			<Index>0x138</Index>
		</Texture>
		<AngleCorrection>1</AngleCorrection>
	</Object>
	<Object type="0x216d" id="Pet Bullet 2">
		<Class>Projectile</Class>
		<Texture>
			<File>lofiObj2</File>
			<Index>0x139</Index>
		</Texture>
		<AngleCorrection>1</AngleCorrection>
	</Object>
	<Object type="0x216e" id="Pet Bullet 3">
		<Class>Projectile</Class>
		<Texture>
			<File>lofiObj2</File>
			<Index>0x13a</Index>
		</Texture>
		<AngleCorrection>1</AngleCorrection>
	</Object>
	<Object type="0x216f" id="Blue Bolt Shot">
		<Class>Projectile</Class>
		<Texture>
			<File>lofiProjs</File>
			<Index>0x75</Index>
		</Texture>
		<AngleCorrection>1</AngleCorrection>
	</Object>
	<Object type="0x217c" id="Sound Wave">
		<Class>Projectile</Class>
		<Texture>
			<File>lofiObj3</File>
			<Index>0x3f4</Index>
		</Texture>
	</Object>
	<Object type="0x217d" id="Gold Shot">
		<Class>Projectile</Class>
		<Texture>
			<File>lofiObj3</File>
			<Index>0x406</Index>
		</Texture>
		<AngleCorrection>1</AngleCorrection>
	</Object>
	<Object type="0x217e" id="Poison Katana Slash">
		<Class>Projectile</Class>
		<Texture>
			<File>lofiObj3</File>
			<Index>0x407</Index>
		</Texture>
		<AngleCorrection>1</AngleCorrection>
	</Object>
	<Object type="0x217f" id="Leaf Arrow">
		<Class>Projectile</Class>
		<Texture>
			<File>lofiObj3</File>
			<Index>0x408</Index>
		</Texture>
		<Rotation>350</Rotation>
	</Object>
	<Object type="0x218a" id="Bearshot">
		<Class>Projectile</Class>
		<RandomTexture>
			<Texture>
				<File>lofiObj3</File>
				<Index>0x411</Index>
			</Texture>
			<Texture>
				<File>lofiObj3</File>
				<Index>0x412</Index>
			</Texture>
			<Texture>
				<File>lofiObj3</File>
				<Index>0x413</Index>
			</Texture>
			<Texture>
				<File>lofiObj3</File>
				<Index>0x414</Index>
			</Texture>
			<Texture>
				<File>lofiObj3</File>
				<Index>0x415</Index>
			</Texture>
			<Texture>
				<File>lofiObj3</File>
				<Index>0x416</Index>
			</Texture>
		</RandomTexture>
		<Rotation>185</Rotation>
	</Object>
	<Object type="0x218b" id="Eucalyptus">
		<Class>Projectile</Class>
		<Texture>
			<File>lofiObj3</File>
			<Index>0x417</Index>
		</Texture>
		<Rotation>180</Rotation>
	</Object>
	<Object type="0x218c" id="hawt sawce">
		<Class>Projectile</Class>
		<Texture>
			<File>lofiObj3</File>
			<Index>0x418</Index>
		</Texture>
	</Object>
	<Object type="0x218d" id="binary">
		<Class>Projectile</Class>
		<RandomTexture>
			<Texture>
				<File>lofiObj3</File>
				<Index>0x419</Index>
			</Texture>
			<Texture>
				<File>lofiObj3</File>
				<Index>0x41a</Index>
			</Texture>
		</RandomTexture>
	</Object>
	<Object type="0x218e" id="happy magic">
		<Class>Projectile</Class>
		<RandomTexture>
			<Texture>
				<File>lofiObj3</File>
				<Index>0x41b</Index>
			</Texture>
			<Texture>
				<File>lofiObj3</File>
				<Index>0x41c</Index>
			</Texture>
			<Texture>
				<File>lofiObj3</File>
				<Index>0x41d</Index>
			</Texture>
			<Texture>
				<File>lofiObj3</File>
				<Index>0x41e</Index>
			</Texture>
			<Texture>
				<File>lofiObj3</File>
				<Index>0x41f</Index>
			</Texture>
		</RandomTexture>
		<Rotation>185</Rotation>
	</Object>
	<Object type="0x218f" id="boss spawn">
		<Class>Projectile</Class>
		<RandomTexture>
			<AnimatedTexture>
				<File>chars16x16dEncounters2</File>
				<Index>67</Index>
			</AnimatedTexture>
			<AnimatedTexture>
				<File>chars16x16dEncounters</File>
				<Index>0</Index>
			</AnimatedTexture>
			<Texture>
				<File>lofiChar16x16</File>
				<Index>0x54</Index>
			</Texture>
			<AnimatedTexture>
				<File>chars16x16dEncounters</File>
				<Index>10</Index>
			</AnimatedTexture>
			<AnimatedTexture>
				<File>chars16x16dEncounters2</File>
				<Index>34</Index>
			</AnimatedTexture>
			<AnimatedTexture>
				<File>chars16x16rEncounters</File>
				<Index>81</Index>
			</AnimatedTexture>
			<AnimatedTexture>
				<File>players</File>
				<Index>2</Index>
			</AnimatedTexture>
		</RandomTexture>
		<Rotation>185</Rotation>
	</Object>
	<Object type="0x219a" id="Small Dark Shuriken">
		<Class>Projectile</Class>
		<Texture>
			<File>lofiObj3</File>
			<Index>0x448</Index>
		</Texture>
		<Rotation>185</Rotation>
	</Object>
	<Object type="0x219b" id="Confuse Shuriken">
		<Class>Projectile</Class>
		<Texture>
			<File>lofiObj3</File>
			<Index>0x449</Index>
		</Texture>
		<Rotation>185</Rotation>
	</Object>
	<Object type="0x219c" id="Large White Shuriken">
		<Class>Projectile</Class>
		<Texture>
			<File>lofiObjBig</File>
			<Index>0x13a</Index>
		</Texture>
		<Rotation>185</Rotation>
	</Object>
	<Object type="0x219d" id="Destruction Star">
		<Class>Projectile</Class>
		<Texture>
			<File>lofiObjBig</File>
			<Index>0x13b</Index>
		</Texture>
		<Rotation>185</Rotation>
	</Object>
	<Object type="0x219e" id="Large White Bullet">
		<Class>Projectile</Class>
		<Texture>
			<File>lofiObjBig</File>
			<Index>0x13c</Index>
		</Texture>
	</Object>
	<Object type="0x219f" id="Small White Bullet">
		<Class>Projectile</Class>
		<Texture>
			<File>lofiObj3</File>
			<Index>0x44a</Index>
		</Texture>
	</Object>
	<Object type="0x220a" id="Small White Shuriken">
		<Class>Projectile</Class>
		<Texture>
			<File>lofiObj3</File>
			<Index>0x44b</Index>
		</Texture>
		<Rotation>185</Rotation>
	</Object>
	<Object type="0x220b" id="Archmage Shield">
		<Class>Projectile</Class>
		<Texture>
			<File>lofiObjBig</File>
			<Index>0x13d</Index>
		</Texture>
		<AngleCorrection>3</AngleCorrection>
	</Object>
	<Object type="0x220c" id="Ball Of Hurt">
		<Class>Projectile</Class>
		<Texture>
			<File>lofiObjBig</File>
			<Index>0x13e</Index>
		</Texture>
		<Rotation>185</Rotation>
	</Object>
	<Object type="0x220d" id="Darkness Star">
		<Class>Projectile</Class>
		<Texture>
			<File>lofiObj3</File>
			<Index>0x44c</Index>
		</Texture>
		<Rotation>185</Rotation>
	</Object>
	<Object type="0x220e" id="Large Blue Shuriken">
		<Class>Projectile</Class>
		<Texture>
			<File>lofiObjBig</File>
			<Index>0x13f</Index>
		</Texture>
		<Rotation>185</Rotation>
	</Object>
	<Object type="0x220f" id="Small Blue Shuriken">
		<Class>Projectile</Class>
		<Texture>
			<File>lofiObj3</File>
			<Index>0x44d</Index>
		</Texture>
		<Rotation>185</Rotation>
	</Object>
	<Object type="0x221e" id="Halloween SSS">
		<Class>Projectile</Class>
		<Texture>
			<File>lofiObj3</File>
			<Index>0x459</Index>
		</Texture>
		<AngleCorrection>1</AngleCorrection>
	</Object>
	<Object type="0x221f" id="TG Food Stuffs">
		<Class>Projectile</Class>
		<RandomTexture>
			<Texture>
				<File>lofiObj3</File>
				<Index>0x45a</Index>
			</Texture>
		</RandomTexture>
		<AngleCorrection>1</AngleCorrection>
	</Object>
	<Object type="0x221a" id="Ice Bullet">
		<Class>Projectile</Class>
		<Texture>
			<File>lofiObj3</File>
			<Index>0x45b</Index>
		</Texture>
		<Rotation>185</Rotation>
	</Object>
	<Object type="0x221b" id="Fire Bullet">
		<Class>Projectile</Class>
		<Texture>
			<File>lofiObj3</File>
			<Index>0x45c</Index>
		</Texture>
		<Rotation>185</Rotation>
	</Object>
	<Object type="0x221d" id="Armor Pierce Bullet">
		<Class>Projectile</Class>
		<Texture>
			<File>lofiObj3</File>
			<Index>0x486</Index>
		</Texture>
		<Rotation>185</Rotation>
	</Object>
	<Object type="0x2170" id="Paralyze Bullet">
		<Class>Projectile</Class>
		<Texture>
			<File>lofiObj3</File>
			<Index>0x487</Index>
		</Texture>
		<Rotation>185</Rotation>
	</Object>
	<Object type="0x258b" id="snow flakes">
		<Class>Projectile</Class>
		<RandomTexture>
			<Texture>
				<File>lofiObj3</File>
				<Index>0x495</Index>
			</Texture>
			<Texture>
				<File>lofiObj3</File>
				<Index>0x496</Index>
			</Texture>
			<Texture>
				<File>lofiObj3</File>
				<Index>0x497</Index>
			</Texture>
			<Texture>
				<File>lofiObj3</File>
				<Index>0x498</Index>
			</Texture>
			<Texture>
				<File>lofiObj3</File>
				<Index>0x499</Index>
			</Texture>
		</RandomTexture>
		<Rotation>185</Rotation>
	</Object>
	<Object type="0x258d" id="ice bomb">
		<Class>Projectile</Class>
		<RandomTexture>
			<Texture>
				<File>lofiObj3</File>
				<Index>0x49a</Index>
			</Texture>
		</RandomTexture>
		<AngleCorrection>1</AngleCorrection>
	</Object>
	<Object type="0x738d" id="BellaShot">
		<Class>Projectile</Class>
		<Texture>
			<File>lofiObj3</File>
			<Index>0x4B7</Index>
		</Texture>
		<AngleCorrection>1</AngleCorrection>
	</Object>
	<Object type="0x738e" id="BellaBerry">
		<Class>Projectile</Class>
		<Texture>
			<File>lofiObj3</File>
			<Index>0x4B5</Index>
		</Texture>
		<Rotation>185</Rotation>
	</Object>
	<Object type="0x738f" id="BellaPetal">
		<Class>Projectile</Class>
		<Texture>
			<File>lofiObj3</File>
			<Index>0x4B8</Index>
		</Texture>
	</Object>
	<Object type="0x740d" id="BellaLeaf">
		<Class>Projectile</Class>
		<Texture>
			<File>lofiObj3</File>
			<Index>0x4B6</Index>
		</Texture>
	</Object>
	<Object type="0x740b" id="Heartfinder Slash">
		<Class>Projectile</Class>
		<Texture>
			<File>lofiObj3</File>
			<Index>0x4A8</Index>
		</Texture>
	</Object>
	<Object type="0x740c" id="Cupid's Arrow">
		<Class>Projectile</Class>
		<Texture>
			<File>lofiObj3</File>
			<Index>0x4A9</Index>
		</Texture>
		<AngleCorrection>1</AngleCorrection>
	</Object>
	<Object type="0x739e" id="Handfasting Cord">
		<Class>Projectile</Class>
		<Texture>
			<File>lofiObj3</File>
			<Index>0x4AA</Index>
		</Texture>
		<AngleCorrection>1</AngleCorrection>
	</Object>
	<Object type="0x739f" id="Rose Shot">
		<Class>Projectile</Class>
		<Texture>
			<File>lofiObj3</File>
			<Index>0x4AB</Index>
		</Texture>
		<Rotation>90</Rotation>
	</Object>
	<Object type="0x740a" id="Glittering Prizes">
		<Class>Projectile</Class>
		<RandomTexture>
			<Texture>
				<File>lofiObj3</File>
				<Index>0x4AC</Index>
			</Texture>
			<Texture>
				<File>lofiObj3</File>
				<Index>0x4AD</Index>
			</Texture>
			<Texture>
				<File>lofiObj3</File>
				<Index>0x4AE</Index>
			</Texture>
		</RandomTexture>
		<Rotation>90</Rotation>
	</Object>
	<Object type="0x2590" id="Weakness Bullet">
		<Class>Projectile</Class>
		<Texture>
			<File>lofiObj3</File>
			<Index>0x4BD</Index>
		</Texture>
		<Rotation>185</Rotation>
	</Object>
	<Object type="0x2591" id="Silence Bullet">
		<Class>Projectile</Class>
		<Texture>
			<File>lofiObj3</File>
			<Index>0x4BF</Index>
		</Texture>
		<Rotation>185</Rotation>
	</Object>
	<Object type="0x2592" id="Dyed Eggs">
		<Class>Projectile</Class>
		<RandomTexture>
			<Texture>
				<File>lofiObj3</File>
				<Index>0x4C1</Index>
			</Texture>
			<Texture>
				<File>lofiObj3</File>
				<Index>0x4C2</Index>
			</Texture>
			<Texture>
				<File>lofiObj3</File>
				<Index>0x4C3</Index>
			</Texture>
		</RandomTexture>
		<Rotation>185</Rotation>
	</Object>
	<Object type="0x2593" id="Morning Star">
		<Class>Projectile</Class>
		<Texture>
			<File>lofiObj3</File>
			<Index>0x4CB</Index>
		</Texture>
		<AngleCorrection>1</AngleCorrection>
	</Object>
	<Object type="0x2329" id="Amethyst Shift">
		<Class>Projectile</Class>
		<RandomTexture>
			<Texture>
				<File>lofiObj</File>
				<Index>0x8a</Index>
			</Texture>
			<Texture>
				<File>lofiObj</File>
				<Index>0xba</Index>
			</Texture>
			<Texture>
				<File>lofiObj2</File>
				<Index>0x72</Index>
			</Texture>
		</RandomTexture>
		<AngleCorrection>1</AngleCorrection>
	</Object>
	<Object type="0x232B" id="Hat Cascade">
		<Class>Projectile</Class>
		<RandomTexture>
			<Texture>
				<File>lofiObj3</File>
				<Index>0x4D4</Index>
			</Texture>
			<Texture>
				<File>lofiObj3</File>
				<Index>0x4D5</Index>
			</Texture>
			<Texture>
				<File>lofiObj3</File>
				<Index>0x4D6</Index>
			</Texture>
			<Texture>
				<File>lofiObj3</File>
				<Index>0x4D7</Index>
			</Texture>
		</RandomTexture>
		<Rotation>185</Rotation>
	</Object>
	<Object type="0x232C" id="Fruitpocalypse">
		<Class>Projectile</Class>
		<RandomTexture>
			<Texture>
				<File>lofiObj3</File>
				<Index>0x4D8</Index>
			</Texture>
			<Texture>
				<File>lofiObj3</File>
				<Index>0x4D9</Index>
			</Texture>
			<Texture>
				<File>lofiObj3</File>
				<Index>0x4DA</Index>
			</Texture>
			<Texture>
				<File>lofiObj3</File>
				<Index>0x4DB</Index>
			</Texture>
		</RandomTexture>
		<Rotation>185</Rotation>
	</Object>
	<Object type="0x232D" id="Cat Cavalcade">
		<Class>Projectile</Class>
		<RandomTexture>
			<Texture>
				<File>lofiObj3</File>
				<Index>0x4DC</Index>
			</Texture>
			<Texture>
				<File>lofiObj3</File>
				<Index>0x4DD</Index>
			</Texture>
			<Texture>
				<File>lofiObj3</File>
				<Index>0x4DE</Index>
			</Texture>
			<Texture>
				<File>lofiObj3</File>
				<Index>0x4DF</Index>
			</Texture>
		</RandomTexture>
		<Rotation>185</Rotation>
	</Object>
	<Object type="0x232E" id="Space Junk">
		<Class>Projectile</Class>
		<RandomTexture>
			<Texture>
				<File>lofiObj3</File>
				<Index>0x4E0</Index>
			</Texture>
			<Texture>
				<File>lofiObj3</File>
				<Index>0x4E1</Index>
			</Texture>
			<Texture>
				<File>lofiObj3</File>
				<Index>0x4E2</Index>
			</Texture>
			<Texture>
				<File>lofiObj3</File>
				<Index>0x4E3</Index>
			</Texture>
		</RandomTexture>
		<Rotation>185</Rotation>
	</Object>
	<Object type="0x232F" id="Toy Attack">
		<Class>Projectile</Class>
		<RandomTexture>
			<Texture>
				<File>lofiObj3</File>
				<Index>0x4E4</Index>
			</Texture>
			<Texture>
				<File>lofiObj3</File>
				<Index>0x4E5</Index>
			</Texture>
			<Texture>
				<File>lofiObj3</File>
				<Index>0x4E6</Index>
			</Texture>
			<Texture>
				<File>lofiObj3</File>
				<Index>0x4E7</Index>
			</Texture>
		</RandomTexture>
		<Rotation>185</Rotation>
	</Object>
	<Object type="0x2330" id="Oryx Sword Attack">
		<Class>Projectile</Class>
		<Texture>
			<File>lofiObj3</File>
			<Index>0x4E8</Index>
		</Texture>
	</Object>
	<Object type="0x2331" id="Red Planet Blast">
		<Class>Projectile</Class>
		<Texture>
			<File>lofiObj3</File>
			<Index>0x4E9</Index>
		</Texture>
		<AngleCorrection>1</AngleCorrection>
	</Object>
	<Object type="0x2332" id="Red Planet Orb">
		<Class>Projectile</Class>
		<Texture>
			<File>lofiObj3</File>
			<Index>0x4EA</Index>
		</Texture>
	</Object>
	<Object type="0x2354" id="Jester Bolt">
		<Class>Projectile</Class>
		<Texture>
			<File>lofiObj3</File>
			<Index>0x4EB</Index>
		</Texture>
		<AngleCorrection>1</AngleCorrection>
	</Object>
	<Object type="0x2355" id="Fire Shield">
		<Class>Projectile</Class>
		<Texture>
			<File>lofiObj3</File>
			<Index>0x4EC</Index>
		</Texture>
		<AngleCorrection>3</AngleCorrection>
	</Object>
	<Object type="0xcf3" id="Terror Orb">
		<Class>Projectile</Class>
		<Texture>
			<File>lofiObj3</File>
			<Index>0x505</Index>
		</Texture>
		<Rotation>185</Rotation>
	</Object>
	<Object type="0xcf4" id="Obsidian Vortex">
		<Class>Projectile</Class>
		<Texture>
			<File>lofiObj3</File>
			<Index>0x506</Index>
		</Texture>
		<Rotation>185</Rotation>
	</Object>
	<Object type="0xcf5" id="Purple Batshot">
		<Class>Projectile</Class>
		<Texture>
			<File>lofiObj3</File>
			<Index>0x507</Index>
		</Texture>
		<AngleCorrection>2</AngleCorrection>
	</Object>
	<Object type="0xcf6" id="Runes of Horror">
		<Class>Projectile</Class>
		<RandomTexture>
			<Texture>
				<File>lofiObj3</File>
				<Index>0x508</Index>
			</Texture>
			<Texture>
				<File>lofiObj3</File>
				<Index>0x509</Index>
			</Texture>
			<Texture>
				<File>lofiObj3</File>
				<Index>0x50A</Index>
			</Texture>
		</RandomTexture>
	</Object>
	<Object type="0xcf7" id="Cleaved Eyeball">
		<Class>Projectile</Class>
		<Texture>
			<File>lofiObj3</File>
			<Index>0x50B</Index>
		</Texture>
		<AngleCorrection>0</AngleCorrection>
	</Object>
	<Object type="0x2356" id="Geb Shot">
		<Class>Projectile</Class>
		<Texture>
			<File>lofiObj3</File>
			<Index>0x512</Index>
		</Texture>
		<AngleCorrection>1</AngleCorrection>
	</Object>
	<Object type="0x2357" id="Great Geb Shot">
		<Class>Projectile</Class>
		<Texture>
			<File>lofiObj3</File>
			<Index>0x513</Index>
		</Texture>
		<AngleCorrection>1</AngleCorrection>
	</Object>
	<Object type="0x2358" id="Soul Orb">
		<Class>Projectile</Class>
		<Texture>
			<File>lofiObj3</File>
			<Index>0x517</Index>
		</Texture>
		<AngleCorrection>2</AngleCorrection>
		<Rotation>180</Rotation>
	</Object>
	<Object type="0x2359" id="Soul Vortex">
		<Class>Projectile</Class>
		<Texture>
			<File>lofiObj3</File>
			<Index>0x518</Index>
		</Texture>
		<Rotation>185</Rotation>
	</Object>
	<Object type="0x235A" id="Fairy Bullet">
		<Class>Projectile</Class>
		<Texture>
			<File>lofiObj3</File>
			<Index>0x51C</Index>
		</Texture>
		<AngleCorrection>1</AngleCorrection>
	</Object>
	<Object type="0x235B" id="Fairy Bolt">
		<Class>Projectile</Class>
		<Texture>
			<File>lofiObj3</File>
			<Index>0x51D</Index>
		</Texture>
		<AngleCorrection>1</AngleCorrection>
	</Object>
	<Object type="0x2376" id="Dark Purple Magic">
		<Class>Projectile</Class>
		<Texture>
			<File>d3LofiObjEmbed</File>
			<Index>0x19</Index>
		</Texture>
	</Object>
	<Object type="0x2377" id="Pfiffel Esben Shot">
		<Class>Projectile</Class>
		<Texture>
			<File>lofiObj3</File>
			<Index>0x552</Index>
		</Texture>
		<AngleCorrection>1</AngleCorrection>
	</Object>
	<Object type="0x2378" id="Icicle Shot">
		<Class>Projectile</Class>
		<Texture>
			<File>lofiObj3</File>
			<Index>0x55c</Index>
		</Texture>
		<AngleCorrection>1</AngleCorrection>
	</Object>
	<Object type="0x2379" id="Salju Slash">
		<Class>Projectile</Class>
		<Texture>
			<File>lofiObj3</File>
			<Index>0x55d</Index>
		</Texture>
		<AngleCorrection>1</AngleCorrection>
	</Object>
	<Object type="0x237a" id="Killer Carols">
		<Class>Projectile</Class>
		<RandomTexture>
			<Texture>
				<File>lofiObj3</File>
				<Index>0x55e</Index>
			</Texture>
			<Texture>
				<File>lofiObj3</File>
				<Index>0x55f</Index>
			</Texture>
		</RandomTexture>
		<Rotation>185</Rotation>
	</Object>
	<Object type="0x237b" id="Gift Parade">
		<Class>Projectile</Class>
		<RandomTexture>
			<Texture>
				<File>lofiObj3</File>
				<Index>0x560</Index>
			</Texture>
			<Texture>
				<File>lofiObj3</File>
				<Index>0x561</Index>
			</Texture>
			<Texture>
				<File>lofiObj3</File>
				<Index>0x562</Index>
			</Texture>
		</RandomTexture>
		<Rotation>185</Rotation>
	</Object>
	<Object type="0x21a4" id="Spooky Sparkle">
		<Class>Projectile</Class>
		<Texture>
			<File>lofiObj3</File>
			<Index>0x53E</Index>
		</Texture>
		<AngleCorrection>1</AngleCorrection>
	</Object>
	<Object type="0x21a5" id="Spooky Sparkle 9000">
		<Class>Projectile</Class>
		<Texture>
			<File>lofiObj3</File>
			<Index>0x53F</Index>
		</Texture>
		<AngleCorrection>1</AngleCorrection>
	</Object>
	<Object type="0xa22b" id="Ancient Magic">
		<Class>Projectile</Class>
		<Texture>
			<File>lofiObj3</File>
			<Index>0x542</Index>
		</Texture>
		<AngleCorrection>1</AngleCorrection>
	</Object>
	<Object type="0xa22c" id="Morer Ancienter Magic">
		<Class>Projectile</Class>
		<Texture>
			<File>lofiObj3</File>
			<Index>0x543</Index>
		</Texture>
		<AngleCorrection>1</AngleCorrection>
	</Object>
	<Object type="0xa22d" id="Puppet Purple Wheel">
		<Class>Projectile</Class>
		<Texture>
			<File>lofiProjs</File>
			<Index>0x76</Index>
		</Texture>
		<Rotation>100</Rotation>
	</Object>
	<Object type="0xa22e" id="Puppet Red Wheel">
		<Class>Projectile</Class>
		<Texture>
			<File>lofiProjs</File>
			<Index>0x77</Index>
		</Texture>
		<Rotation>100</Rotation>
	</Object>
	<Object type="0xa22f" id="Puppet Green Wheel">
		<Class>Projectile</Class>
		<Texture>
			<File>lofiProjs</File>
			<Index>0x78</Index>
		</Texture>
		<Rotation>100</Rotation>
	</Object>
	<Object type="0xa230" id="Scutum Wave">
		<Class>Projectile</Class>
		<Texture>
			<File>d3LofiObjEmbed</File>
			<Index>0x2e</Index>
		</Texture>
		<AngleCorrection>3</AngleCorrection>
	</Object>
	<Object type="0xa231" id="Indigo Dark Arrow">
		<Class>Projectile</Class>
		<Texture>
			<File>lofiProjs</File>
			<Index>0x79</Index>
		</Texture>
		<AngleCorrection>1</AngleCorrection>
	</Object>
	<Object type="0xa232" id="Dire Blast">
		<Class>Projectile</Class>
		<Texture>
			<File>d3LofiObjEmbed</File>
			<Index>0x1c</Index>
		</Texture>
		<AngleCorrection>1</AngleCorrection>
	</Object>
	<Object type="0x716e" id="Void Star">
		<Class>Projectile</Class>
		<Texture>
			<File>lofiObj3</File>
			<Index>0x56f</Index>
		</Texture>
		<Rotation>80</Rotation>
	</Object>
	<Object type="0x11e" id="TH Stinger Large">
		<Class>Projectile</Class>
		<Texture>
			<File>lofiObj3</File>
			<Index>0x58D</Index>
		</Texture>
	</Object>
	<Object type="0x11f" id="TH Stinger Small">
		<Class>Projectile</Class>
		<Texture>
			<File>lofiObj3</File>
			<Index>0x58C</Index>
		</Texture>
	</Object>
	<Object type="0xa233" id="TH Honey Daze">
		<Class>Projectile</Class>
		<Texture>
			<File>lofiObj3</File>
			<Index>0x596</Index>
		</Texture>
		<AngleCorrection>1</AngleCorrection>
	</Object>
	<Object type="0xa234" id="Pumpkin Wave">
		<Class>Projectile</Class>
		<Texture>
			<File>lofiProjs</File>
			<Index>0x7b</Index>
		</Texture>
		<AngleCorrection>3</AngleCorrection>
	</Object>
	<Object type="0xa235" id="Bonegrind Cleaver">
		<Class>Projectile</Class>
		<Texture>
			<File>lofiProjs</File>
			<Index>0x7c</Index>
		</Texture>
		<Rotation>100</Rotation>
	</Object>
	<Object type="0xa236" id="Frozen Wand Icicle">
		<Class>Projectile</Class>
		<Texture>
			<File>d3LofiObjEmbed</File>
			<Index>0x48</Index>
		</Texture>
		<AngleCorrection>1</AngleCorrection>
	</Object>
	<Object type="0xa237" id="Frozen Arrow">
		<Class>Projectile</Class>
		<Texture>
			<File>d3LofiObjEmbed</File>
			<Index>0x4a</Index>
		</Texture>
		<AngleCorrection>1</AngleCorrection>
	</Object>
	<Object type="0x7fcc" id="Dragon Arrow">
		<Class>Projectile</Class>
		<Texture>
			<File>d2LofiObjEmbed</File>
			<Index>0x0a</Index>
		</Texture>
		<AngleCorrection>1</AngleCorrection>
	</Object>
	<Object type="0x16df" id="Enchanted Ice Blade Slash">
		<Class>Projectile</Class>
		<Texture>
			<File>d2LofiObjEmbed</File>
			<Index>0x20</Index>
		</Texture>
		<Rotation>0</Rotation>
		<AngleCorrection>1</AngleCorrection>
	</Object>
	<Object type="0x16e0" id="Iceblast Missile">
		<Class>Projectile</Class>
		<Texture>
			<File>d2LofiObjEmbed</File>
			<Index>0x21</Index>
		</Texture>
		<AngleCorrection>1</AngleCorrection>
	</Object>
	<Object type="0x16e1" id="Eternal Snowflake Shot">
		<Class>Projectile</Class>
		<Texture>
			<File>d2LofiObjEmbed</File>
			<Index>0x22</Index>
		</Texture>
		<Rotation>0</Rotation>
	</Object>
	<Object type="0x16e2" id="Artic Arrow">
		<Class>Projectile</Class>
		<Texture>
			<File>d2LofiObjEmbed</File>
			<Index>0x23</Index>
		</Texture>
		<AngleCorrection>1</AngleCorrection>
	</Object>
	<Object type="0x16ee" id="Valentine Heart Bullet">
		<Class>Projectile</Class>
		<Texture>
			<File>d3LofiObjEmbed16</File>
			<Index>0x1c</Index>
		</Texture>
	</Object>
	<Object type="0xb8ce" id="4-Leaf Clover">
		<Class>Projectile</Class>
		<Texture>
			<File>stPatricksObjects8x8</File>
			<Index>0x14</Index>
		</Texture>
		<Rotation>180</Rotation>
	</Object>
	<Object type="0xb8cf" id="Patty Rainbow Bolt">
		<Class>Projectile</Class>
		<RandomTexture>
			<Texture>
				<File>stPatricksObjects8x8</File>
				<Index>0x27</Index>
			</Texture>
			<Texture>
				<File>stPatricksObjects8x8</File>
				<Index>0x28</Index>
			</Texture>
			<Texture>
				<File>stPatricksObjects8x8</File>
				<Index>0x29</Index>
			</Texture>
			<Texture>
				<File>stPatricksObjects8x8</File>
				<Index>0x2a</Index>
			</Texture>
			<Texture>
				<File>stPatricksObjects8x8</File>
				<Index>0x2b</Index>
			</Texture>
			<Texture>
				<File>stPatricksObjects8x8</File>
				<Index>0x2c</Index>
			</Texture>
		</RandomTexture>
		<AngleCorrection>1</AngleCorrection>
	</Object>
	<Object type="0x6aa" id="Apo Feather">
		<Class>Projectile</Class>
		<RandomTexture>
			<Texture>
				<File>d3LofiObjEmbed</File>
				<Index>0xce</Index>
			</Texture>
			<Texture>
				<File>d3LofiObjEmbed</File>
				<Index>0xcf</Index>
			</Texture>
			<Texture>
				<File>d3LofiObjEmbed</File>
				<Index>0xde</Index>
			</Texture>
			<Texture>
				<File>d3LofiObjEmbed</File>
				<Index>0xdf</Index>
			</Texture>
		</RandomTexture>
		<Rotation>185</Rotation>
	</Object>
</Objects>
