<?xml version="1.0" encoding="UTF-8"?>
<Objects>
	<Object type="0x0d00" id="Native Fire Sprite">
		<Group>Native Sprites</Group>
		<Enemy />
		<Class>Character</Class>
		<AnimatedTexture>
			<File>chars8x8rMid</File>
			<Index>0x00</Index>
		</AnimatedTexture>
		<HitSound>monster/sprites_hit</HitSound>
		<DeathSound>monster/sprites_death</DeathSound>
		<Size>100</Size>
		<MaxHitPoints>100</MaxHitPoints>
		<Defense>0</Defense>
		<Flying />
		<Projectile id="0">
			<ObjectId>Red Fire</ObjectId>
			<Damage>17</Damage>
			<Speed>50</Speed>
			<LifetimeMS>4000</LifetimeMS>
		</Projectile>
	</Object>
	<Object type="0x0d01" id="Native Ice Sprite">
		<Group>Native Sprites</Group>
		<Enemy />
		<Class>Character</Class>
		<AnimatedTexture>
			<File>chars8x8rMid</File>
			<Index>0x01</Index>
		</AnimatedTexture>
		<HitSound>monster/sprites_hit</HitSound>
		<DeathSound>monster/sprites_death</DeathSound>
		<Size>100</Size>
		<MaxHitPoints>100</MaxHitPoints>
		<Defense>0</Defense>
		<Flying />
		<Projectile id="0">
			<ObjectId>Ice Spinner</ObjectId>
			<Damage>14</Damage>
			<Speed>80</Speed>
			<LifetimeMS>1800</LifetimeMS>
			<Size>70</Size>
			<ConditionEffect duration="1.6">Slowed</ConditionEffect>
		</Projectile>
	</Object>
	<Object type="0x0d02" id="Native Magic Sprite">
		<Group>Native Sprites</Group>
		<Enemy />
		<Class>Character</Class>
		<AnimatedTexture>
			<File>chars8x8rMid</File>
			<Index>0x02</Index>
		</AnimatedTexture>
		<HitSound>monster/sprites_hit</HitSound>
		<DeathSound>monster/sprites_death</DeathSound>
		<Size>100</Size>
		<MaxHitPoints>100</MaxHitPoints>
		<Defense>0</Defense>
		<Flying />
		<Projectile id="0">
			<ObjectId>Green Magic</ObjectId>
			<Damage>18</Damage>
			<Speed>50</Speed>
			<LifetimeMS>4000</LifetimeMS>
			<Size>120</Size>
		</Projectile>
	</Object>
	<Object type="0x0d03" id="Native Nature Sprite">
		<Group>Native Sprites</Group>
		<Enemy />
		<Class>Character</Class>
		<Texture>
			<File>lofiChar28x8</File>
			<Index>0x30</Index>
		</Texture>
		<HitSound>monster/sprites_hit</HitSound>
		<DeathSound>monster/sprites_death</DeathSound>
		<Size>100</Size>
		<MaxHitPoints>100</MaxHitPoints>
		<Defense>0</Defense>
		<Flying />
		<Projectile id="0">
			<ObjectId>Green Bolt</ObjectId>
			<Damage>16</Damage>
			<Speed>100</Speed>
			<LifetimeMS>2000</LifetimeMS>
		</Projectile>
	</Object>
	<Object type="0x0d04" id="Native Darkness Sprite">
		<Group>Native Sprites</Group>
		<Enemy />
		<Class>Character</Class>
		<Texture>
			<File>lofiChar28x8</File>
			<Index>0x31</Index>
		</Texture>
		<HitSound>monster/sprites_hit</HitSound>
		<DeathSound>monster/sprites_death</DeathSound>
		<Size>100</Size>
		<MaxHitPoints>100</MaxHitPoints>
		<Defense>0</Defense>
		<Flying />
		<Projectile id="0">
			<ObjectId>Darkness Bolt</ObjectId>
			<Damage>16</Damage>
			<Speed>50</Speed>
			<LifetimeMS>3000</LifetimeMS>
		</Projectile>
	</Object>
	<Object type="0x0d05" id="Native Sprite God">
		<Enemy />
		<Class>Character</Class>
		<AnimatedTexture>
			<File>chars16x16dMountains1</File>
			<Index>0x01</Index>
		</AnimatedTexture>
		<HitSound>monster/sprite_god_hit</HitSound>
		<DeathSound>monster/sprite_god_death</DeathSound>
		<Size>100</Size>
		<MaxHitPoints>2000</MaxHitPoints>
		<Defense>12</Defense>
		<Flying />
		<God />
		<Projectile id="0">
			<ObjectId>Purple Magic</ObjectId>
			<Damage>100</Damage>
			<Speed>70</Speed>
			<LifetimeMS>2000</LifetimeMS>
		</Projectile>
		<Projectile id="1">
			<ObjectId>Grey Boomerang</ObjectId>
			<Damage>0</Damage>
			<Speed>60</Speed>
			<LifetimeMS>2400</LifetimeMS>
			<ConditionEffect duration="10">Quiet</ConditionEffect>
			<MultiHit />
			<ParticleTrail />
		</Projectile>
	</Object>
	<Object type="0x0d06" id="Limon the Sprite God">
		<Class>Character</Class>
		<Texture>
			<File>lofiChar216x16</File>
			<Index>0x36</Index>
		</Texture>
		<HitSound>monster/sprite_god_hit</HitSound>
		<DeathSound>monster/sprite_god_death</DeathSound>
		<MaxHitPoints>9000</MaxHitPoints>
		<Size>100</Size>
		<Defense>16</Defense>
		<Flying />
		<God />
		<StasisImmune />
		<Quest />
		<Level>1</Level>
		<Enemy />
		<XpMult>0.7</XpMult>
		<NoArticle />
		<Projectile id="0">
			<ObjectId>Red Fire</ObjectId>
			<Speed>80</Speed>
			<Damage>70</Damage>
			<Size>110</Size>
			<LifetimeMS>2300</LifetimeMS>
			<MultiHit />
		</Projectile>
	</Object>
	<Object id="Limon GroundShot" type="0x0bb0">
		<Class>Character</Class>
		<Texture>
			<File>invisible</File>
			<Index>0</Index>
		</Texture>
		<MaxHitPoints>10</MaxHitPoints>
		<Size>0</Size>
	</Object>
	<Object id="Limon SafeGround" type="0x0bb1">
		<Class>Character</Class>
		<Texture>
			<File>invisible</File>
			<Index>0</Index>
		</Texture>
		<MaxHitPoints>10</MaxHitPoints>
		<Size>0</Size>
	</Object>
	<Object type="0x0d07" id="Limon Element 1">
		<DisplayId>Limon Element</DisplayId>
		<Group>AttackType</Group>
		<Class>Character</Class>
		<Enemy />
		<StasisImmune />
		<MaxHitPoints>100000</MaxHitPoints>
		<Defense>1000</Defense>
		<AnimatedTexture>
			<File>chars8x8dEncounters</File>
			<Index>0</Index>
		</AnimatedTexture>
		<Size>100</Size>
		<Projectile id="0">
			<ObjectId>White Flame</ObjectId>
			<Damage>50</Damage>
			<Size>90</Size>
			<Speed>90</Speed>
			<LifetimeMS>1940</LifetimeMS>
			<MultiHit />
			<PassesCover />
		</Projectile>
	</Object>
	<Object type="0x0d08" id="Limon Element 2">
		<DisplayId>Limon Element</DisplayId>
		<Group>AttackType</Group>
		<Class>Character</Class>
		<Enemy />
		<StasisImmune />
		<MaxHitPoints>100000</MaxHitPoints>
		<Defense>1000</Defense>
		<AnimatedTexture>
			<File>chars8x8dEncounters</File>
			<Index>0</Index>
		</AnimatedTexture>
		<Size>100</Size>
		<Projectile id="0">
			<ObjectId>White Flame</ObjectId>
			<Damage>50</Damage>
			<Size>90</Size>
			<Speed>90</Speed>
			<LifetimeMS>1940</LifetimeMS>
			<MultiHit />
			<PassesCover />
		</Projectile>
	</Object>
	<Object type="0x0d09" id="Limon Element 3">
		<DisplayId>Limon Element</DisplayId>
		<Group>AttackType</Group>
		<Class>Character</Class>
		<Enemy />
		<StasisImmune />
		<MaxHitPoints>100000</MaxHitPoints>
		<Defense>1000</Defense>
		<AnimatedTexture>
			<File>chars8x8dEncounters</File>
			<Index>0</Index>
		</AnimatedTexture>
		<Size>100</Size>
		<Projectile id="0">
			<ObjectId>White Flame</ObjectId>
			<Damage>50</Damage>
			<Size>90</Size>
			<Speed>90</Speed>
			<LifetimeMS>1940</LifetimeMS>
			<MultiHit />
			<PassesCover />
		</Projectile>
	</Object>
	<Object type="0x0d0a" id="Limon Element 4">
		<DisplayId>Limon Element</DisplayId>
		<Group>AttackType</Group>
		<Class>Character</Class>
		<Enemy />
		<StasisImmune />
		<MaxHitPoints>100000</MaxHitPoints>
		<Defense>1000</Defense>
		<AnimatedTexture>
			<File>chars8x8dEncounters</File>
			<Index>0</Index>
		</AnimatedTexture>
		<Size>100</Size>
		<Projectile id="0">
			<ObjectId>White Flame</ObjectId>
			<Damage>50</Damage>
			<Size>90</Size>
			<Speed>90</Speed>
			<LifetimeMS>1940</LifetimeMS>
			<MultiHit />
			<PassesCover />
		</Projectile>
	</Object>
</Objects>
